Pheno,Marker,Del_P_adj,Linkage_Class
Blup_Transfo_Area_2_cavities_filled_field_y1_y2,Chr02_2439319_3802076,0.09101178722040623,suggestive
Blup_Transfo_Area_2_cavities_filled_field_y1_y2,Chr02_3802077_3811171,0.06281153161847745,suggestive
Blup_Transfo_Area_2_cavities_filled_field_y1_y2,Chr02_3811172_4203782,0.06281153161847745,suggestive
Blup_Transfo_Area_2_cavities_filled_field_y1_y2,Chr02_4203783_4204963,0.06281153161847745,suggestive
Blup_Transfo_Area_2_cavities_filled_field_y1_y2,Chr02_4204964_5059530,0.06281153161847745,suggestive
Blup_Transfo_Area_2_cavities_filled_field_y1_y2,Chr02_5059531_5059566,0.09101178722040623,suggestive
Blup_Transfo_Area_2_cavities_filled_field_y1_y2,Chr02_5059567_5396611,0.09101178722040623,suggestive
Blup_Transfo_Area_2_cavities_filled_field_y1_y2,Chr02_5396612_5398283,0.09101178722040623,suggestive
Blup_Transfo_Area_2_cavities_filled_field_year2,Chr02_1_4524,0.08356204494237804,suggestive
Blup_Transfo_Area_2_cavities_filled_field_year2,Chr02_4525_349303,0.08356204494237804,suggestive
Blup_Transfo_Area_2_cavities_filled_field_year2,Chr02_349304_361275,0.08356204494237804,suggestive
Blup_Transfo_Area_2_cavities_filled_field_year2,Chr02_361276_876244,0.08356204494237804,suggestive
Blup_Transfo_Area_2_cavities_filled_field_year2,Chr02_876245_880558,0.08356204494237804,suggestive
Blup_Transfo_Area_2_cavities_filled_field_year2,Chr02_880559_1380844,0.08356204494237804,suggestive
Blup_Transfo_Area_2_cavities_filled_field_year2,Chr02_1380845_1380870,0.08356204494237804,suggestive
Blup_Transfo_Area_2_cavities_filled_field_year2,Chr02_1380871_1588241,0.08356204494237804,suggestive
Blup_Transfo_Area_2_cavities_filled_field_year2,Chr02_1588242_1591077,0.08356204494237804,suggestive
Blup_Transfo_Area_2_cavities_filled_field_year2,Chr02_1591078_2117143,0.08356204494237804,suggestive
Blup_Transfo_Area_2_cavities_filled_field_year2,Chr02_2117144_2118662,0.08356204494237804,suggestive
Blup_Transfo_Area_2_cavities_filled_field_year2,Chr02_2118663_2439301,0.08356204494237804,suggestive
Blup_Transfo_Area_2_cavities_filled_field_year2,Chr02_2439302_2439318,0.08356204494237804,suggestive
Blup_Transfo_Area_2_cavities_filled_field_year2,Chr02_2439319_3802076,0.06818003804804612,suggestive
Blup_Transfo_Area_2_cavities_filled_field_year2,Chr02_3802077_3811171,0.037091493416056075,significant
Blup_Transfo_Area_2_cavities_filled_field_year2,Chr02_3811172_4203782,0.037091493416056075,significant
Blup_Transfo_Area_2_cavities_filled_field_year2,Chr02_4203783_4204963,0.037091493416056075,significant
Blup_Transfo_Area_2_cavities_filled_field_year2,Chr02_4204964_5059530,0.037091493416056075,significant
Blup_Transfo_Area_2_cavities_filled_field_year2,Chr02_5059531_5059566,0.08356204494237804,suggestive
Blup_Transfo_Area_2_cavities_filled_field_year2,Chr02_5059567_5396611,0.08356204494237804,suggestive
Blup_Transfo_Area_2_cavities_filled_field_year2,Chr02_5396612_5398283,0.08356204494237804,suggestive
Blup_Transfo_Area_2_cavities_filled_field_year2,Chr02_5398284_5923170,0.08848315463694903,suggestive
Blup_Transfo_Circularity_field_year2,Chr01_13382510_13576339,0.07698388636311675,suggestive
Blup_Transfo_Circularity_field_year2,Chr01_13576351_14061355,0.09842125541805458,suggestive
Blup_Transfo_Circularity_field_year2,Chr01_14061356_14061634,0.06634753309333925,suggestive
Blup_Transfo_Circularity_field_year2,Chr17_11065076_11866233,0.06634753309333925,suggestive
Blup_Transfo_Circularity_field_year2,Chr17_11866234_11884943,0.06634753309333925,suggestive
Blup_Transfo_Circularity_field_year2,Chr17_11884944_12457477,0.06634753309333925,suggestive
Blup_Transfo_Circularity_field_year2,Chr17_12457478_12457521,0.06634753309333925,suggestive
Blup_Transfo_Circularity_field_year2,Chr17_12457522_12723868,0.06634753309333925,suggestive
Blup_Transfo_Circularity_field_year2,Chr17_12723869_12724030,0.06634753309333925,suggestive
Blup_Transfo_Circularity_field_year2,Chr17_12724031_13345560,0.06634753309333925,suggestive
Blup_Transfo_Circularity_field_year2,Chr17_13345561_13349542,0.06634753309333925,suggestive
Blup_Transfo_Circularity_field_year2,Chr17_13349543_13731534,0.07698388636311675,suggestive
Blup_Transfo_Horiz_size_50perc_field_y1_y2,Chr02_3802077_3811171,0.09632251766667484,suggestive
Blup_Transfo_Horiz_size_50perc_field_y1_y2,Chr02_3811172_4203782,0.09632251766667484,suggestive
Blup_Transfo_Horiz_size_50perc_field_y1_y2,Chr02_4203783_4204963,0.09632251766667484,suggestive
Blup_Transfo_Horiz_size_50perc_field_y1_y2,Chr02_4204964_5059530,0.09632251766667484,suggestive
Blup_Transfo_Horiz_size_50perc_field_y1_y2,Chr02_5059531_5059566,0.09632251766667484,suggestive
Blup_Transfo_Horiz_size_50perc_field_y1_y2,Chr02_5059567_5396611,0.09632251766667484,suggestive
Blup_Transfo_Horiz_size_50perc_field_y1_y2,Chr02_5396612_5398283,0.09632251766667484,suggestive
Blup_Transfo_Horiz_size_50perc_field_year2,Chr02_3802077_3811171,0.08409431884997401,suggestive
Blup_Transfo_Horiz_size_50perc_field_year2,Chr02_3811172_4203782,0.08312887807679825,suggestive
Blup_Transfo_Horiz_size_50perc_field_year2,Chr02_4203783_4204963,0.08312887807679825,suggestive
Blup_Transfo_Horiz_size_50perc_field_year2,Chr02_4204964_5059530,0.08312887807679825,suggestive
Blup_Transfo_Horiz_size_75perc_field_y1_y2,Chr02_2439319_3802076,0.06801529350951675,suggestive
Blup_Transfo_Horiz_size_75perc_field_y1_y2,Chr02_3802077_3811171,0.06117885665391863,suggestive
Blup_Transfo_Horiz_size_75perc_field_y1_y2,Chr02_3811172_4203782,0.06117885665391863,suggestive
Blup_Transfo_Horiz_size_75perc_field_y1_y2,Chr02_4203783_4204963,0.06117885665391863,suggestive
Blup_Transfo_Horiz_size_75perc_field_y1_y2,Chr02_4204964_5059530,0.06117885665391863,suggestive
Blup_Transfo_Horiz_size_75perc_field_y1_y2,Chr02_5059531_5059566,0.06410347671531524,suggestive
Blup_Transfo_Horiz_size_75perc_field_y1_y2,Chr02_5059567_5396611,0.06410347671531524,suggestive
Blup_Transfo_Horiz_size_75perc_field_y1_y2,Chr02_5396612_5398283,0.06410347671531524,suggestive
Blup_Transfo_Horiz_size_75perc_field_year2,Chr02_1_4524,0.07755446309308502,suggestive
Blup_Transfo_Horiz_size_75perc_field_year2,Chr02_4525_349303,0.07755446309308502,suggestive
Blup_Transfo_Horiz_size_75perc_field_year2,Chr02_349304_361275,0.07755446309308502,suggestive
Blup_Transfo_Horiz_size_75perc_field_year2,Chr02_361276_876244,0.07755446309308502,suggestive
Blup_Transfo_Horiz_size_75perc_field_year2,Chr02_876245_880558,0.07755446309308502,suggestive
Blup_Transfo_Horiz_size_75perc_field_year2,Chr02_880559_1380844,0.07755446309308502,suggestive
Blup_Transfo_Horiz_size_75perc_field_year2,Chr02_1380845_1380870,0.07755446309308502,suggestive
Blup_Transfo_Horiz_size_75perc_field_year2,Chr02_1380871_1588241,0.07755446309308502,suggestive
Blup_Transfo_Horiz_size_75perc_field_year2,Chr02_1588242_1591077,0.07755446309308502,suggestive
Blup_Transfo_Horiz_size_75perc_field_year2,Chr02_1591078_2117143,0.07755446309308502,suggestive
Blup_Transfo_Horiz_size_75perc_field_year2,Chr02_2117144_2118662,0.07755446309308502,suggestive
Blup_Transfo_Horiz_size_75perc_field_year2,Chr02_2118663_2439301,0.07755446309308502,suggestive
Blup_Transfo_Horiz_size_75perc_field_year2,Chr02_2439302_2439318,0.07755446309308502,suggestive
Blup_Transfo_Horiz_size_75perc_field_year2,Chr02_2439319_3802076,0.05766573266424359,suggestive
Blup_Transfo_Horiz_size_75perc_field_year2,Chr02_3802077_3811171,0.03215597295981927,significant
Blup_Transfo_Horiz_size_75perc_field_year2,Chr02_3811172_4203782,0.03215597295981927,significant
Blup_Transfo_Horiz_size_75perc_field_year2,Chr02_4203783_4204963,0.03215597295981927,significant
Blup_Transfo_Horiz_size_75perc_field_year2,Chr02_4204964_5059530,0.03215597295981927,significant
Blup_Transfo_Horiz_size_75perc_field_year2,Chr02_5059531_5059566,0.06527297276693705,suggestive
Blup_Transfo_Horiz_size_75perc_field_year2,Chr02_5059567_5396611,0.06527297276693705,suggestive
Blup_Transfo_Horiz_size_75perc_field_year2,Chr02_5396612_5398283,0.06527297276693705,suggestive
Blup_Transfo_Horiz_size_75perc_field_year2,Chr02_5398284_5923170,0.07755446309308502,suggestive
Blup_Transfo_Horiz_size_center_field_y1_y2,Chr02_2439319_3802076,0.08152112436955836,suggestive
Blup_Transfo_Horiz_size_center_field_y1_y2,Chr02_3802077_3811171,0.06927564808993732,suggestive
Blup_Transfo_Horiz_size_center_field_y1_y2,Chr02_3811172_4203782,0.06927564808993732,suggestive
Blup_Transfo_Horiz_size_center_field_y1_y2,Chr02_4203783_4204963,0.06927564808993732,suggestive
Blup_Transfo_Horiz_size_center_field_y1_y2,Chr02_4204964_5059530,0.06927564808993732,suggestive
Blup_Transfo_Horiz_size_center_field_y1_y2,Chr02_5059531_5059566,0.08152112436955836,suggestive
Blup_Transfo_Horiz_size_center_field_y1_y2,Chr02_5059567_5396611,0.08152112436955836,suggestive
Blup_Transfo_Horiz_size_center_field_y1_y2,Chr02_5396612_5398283,0.08152112436955836,suggestive
Blup_Transfo_Horiz_size_center_field_year2,Chr02_2439319_3802076,0.0841613420317832,suggestive
Blup_Transfo_Horiz_size_center_field_year2,Chr02_3802077_3811171,0.04117195046806393,significant
Blup_Transfo_Horiz_size_center_field_year2,Chr02_3811172_4203782,0.04117195046806393,significant
Blup_Transfo_Horiz_size_center_field_year2,Chr02_4203783_4204963,0.04117195046806393,significant
Blup_Transfo_Horiz_size_center_field_year2,Chr02_4204964_5059530,0.04117195046806393,significant
Blup_Transfo_Horiz_size_center_field_year2,Chr02_5059531_5059566,0.0841613420317832,suggestive
Blup_Transfo_Horiz_size_center_field_year2,Chr02_5059567_5396611,0.0841613420317832,suggestive
Blup_Transfo_Horiz_size_center_field_year2,Chr02_5396612_5398283,0.0841613420317832,suggestive
Blup_Transfo_Num_Indents_field_y1_y2,Chr02_1_4524,0.009747790580837594,confirmed
Blup_Transfo_Num_Indents_field_y1_y2,Chr02_4525_349303,0.009747790580837594,confirmed
Blup_Transfo_Num_Indents_field_y1_y2,Chr02_349304_361275,0.009747790580837594,confirmed
Blup_Transfo_Num_Indents_field_y1_y2,Chr02_361276_876244,0.009747790580837594,confirmed
Blup_Transfo_Num_Indents_field_y1_y2,Chr02_876245_880558,0.009747790580837594,confirmed
Blup_Transfo_Num_Indents_field_y1_y2,Chr02_880559_1380844,0.009747790580837594,confirmed
Blup_Transfo_Num_Indents_field_y1_y2,Chr02_1380845_1380870,0.009747790580837594,confirmed
Blup_Transfo_Num_Indents_field_y1_y2,Chr02_1380871_1588241,0.009747790580837594,confirmed
Blup_Transfo_Num_Indents_field_y1_y2,Chr02_1588242_1591077,0.009747790580837594,confirmed
Blup_Transfo_Num_Indents_field_y1_y2,Chr02_1591078_2117143,0.009747790580837594,confirmed
Blup_Transfo_Num_Indents_field_y1_y2,Chr02_2117144_2118662,0.009747790580837594,confirmed
Blup_Transfo_Num_Indents_field_y1_y2,Chr02_2118663_2439301,0.009747790580837594,confirmed
Blup_Transfo_Num_Indents_field_y1_y2,Chr02_2439302_2439318,0.009747790580837594,confirmed
Blup_Transfo_Num_Indents_field_y1_y2,Chr02_2439319_3802076,0.009747790580837594,confirmed
Blup_Transfo_Num_Indents_field_y1_y2,Chr02_3802077_3811171,0.009747790580837594,confirmed
Blup_Transfo_Num_Indents_field_y1_y2,Chr02_3811172_4203782,0.009747790580837594,confirmed
Blup_Transfo_Num_Indents_field_y1_y2,Chr02_4203783_4204963,0.009747790580837594,confirmed
Blup_Transfo_Num_Indents_field_y1_y2,Chr02_4204964_5059530,0.009747790580837594,confirmed
Blup_Transfo_Num_Indents_field_y1_y2,Chr02_5059531_5059566,0.05496340024660023,suggestive
Blup_Transfo_Num_Indents_field_y1_y2,Chr02_5059567_5396611,0.05496340024660023,suggestive
Blup_Transfo_Num_Indents_field_y1_y2,Chr02_5396612_5398283,0.05496340024660023,suggestive
Blup_Transfo_Num_Indents_field_year2,Chr02_1_4524,0.003744620338333599,confirmed
Blup_Transfo_Num_Indents_field_year2,Chr02_4525_349303,0.003744620338333599,confirmed
Blup_Transfo_Num_Indents_field_year2,Chr02_349304_361275,0.003744620338333599,confirmed
Blup_Transfo_Num_Indents_field_year2,Chr02_361276_876244,0.003744620338333599,confirmed
Blup_Transfo_Num_Indents_field_year2,Chr02_876245_880558,0.003744620338333599,confirmed
Blup_Transfo_Num_Indents_field_year2,Chr02_880559_1380844,0.003744620338333599,confirmed
Blup_Transfo_Num_Indents_field_year2,Chr02_1380845_1380870,0.003744620338333599,confirmed
Blup_Transfo_Num_Indents_field_year2,Chr02_1380871_1588241,0.003744620338333599,confirmed
Blup_Transfo_Num_Indents_field_year2,Chr02_1588242_1591077,0.003744620338333599,confirmed
Blup_Transfo_Num_Indents_field_year2,Chr02_1591078_2117143,0.003744620338333599,confirmed
Blup_Transfo_Num_Indents_field_year2,Chr02_2117144_2118662,0.003744620338333599,confirmed
Blup_Transfo_Num_Indents_field_year2,Chr02_2118663_2439301,0.003744620338333599,confirmed
Blup_Transfo_Num_Indents_field_year2,Chr02_2439302_2439318,0.003744620338333599,confirmed
Blup_Transfo_Num_Indents_field_year2,Chr02_2439319_3802076,0.003744620338333599,confirmed
Blup_Transfo_Num_Indents_field_year2,Chr02_3802077_3811171,0.003744620338333599,confirmed
Blup_Transfo_Num_Indents_field_year2,Chr02_3811172_4203782,0.003744620338333599,confirmed
Blup_Transfo_Num_Indents_field_year2,Chr02_4203783_4204963,0.003744620338333599,confirmed
Blup_Transfo_Num_Indents_field_year2,Chr02_4204964_5059530,0.003744620338333599,confirmed
Blup_Transfo_Num_Indents_field_year2,Chr02_5059531_5059566,0.051213128351126784,suggestive
Blup_Transfo_Num_Indents_field_year2,Chr02_5059567_5396611,0.051213128351126784,suggestive
Blup_Transfo_Num_Indents_field_year2,Chr02_5396612_5398283,0.051213128351126784,suggestive
Blup_Transfo_PC1_PC2_y1_y2,Chr01_4235627_5264100,0.03476443971583607,significant
Blup_Transfo_PC1_PC2_y1_y2,Chr01_5264101_5264149,0.020363813159927035,significant
Blup_Transfo_PC1_PC2_y1_y2,Chr01_5264150_5885231,0.014375751751850706,significant
Blup_Transfo_PC1_PC2_y1_y2,Chr01_5885232_5886075,0.011806793681254275,significant
Blup_Transfo_PC1_PC2_y1_y2,Chr01_5886076_6253003,0.011806793681254275,significant
Blup_Transfo_PC1_PC2_y1_y2,Chr01_6253004_6253851,0.011806793681254275,significant
Blup_Transfo_PC1_PC2_y1_y2,Chr01_6253852_6811196,0.011806793681254275,significant
Blup_Transfo_PC1_PC2_y1_y2,Chr01_6811197_6811650,0.011806793681254275,significant
Blup_Transfo_PC1_PC2_y1_y2,Chr01_6811651_7107385,0.014138528004879764,significant
Blup_Transfo_PC1_PC2_y1_y2,Chr01_7107386_7117068,0.01862749447206356,significant
Blup_Transfo_PC1_PC2_y1_y2,Chr01_7117069_8021093,0.01862749447206356,significant
Blup_Transfo_PC1_PC2_y1_y2,Chr01_8021094_8021338,0.06186334510676201,suggestive
Blup_Transfo_PC1_PC2_y1_y2,Chr01_8021339_8546533,0.06186334510676201,suggestive
Blup_Transfo_PC1_PC2_y1_y2,Chr01_8546534_8548055,0.052246676508848164,suggestive
Blup_Transfo_PC1_PC2_year2,Chr01_5886076_6253003,0.0909675677716174,suggestive
Blup_Transfo_PC1_PC2_year2,Chr01_6253004_6253851,0.0909675677716174,suggestive
Blup_Transfo_PC1_PC2_year2,Chr01_6253852_6811196,0.0909675677716174,suggestive
Blup_Transfo_PC1_PC2_year2,Chr01_6811197_6811650,0.0909675677716174,suggestive
Blup_Transfo_PC1_PC2_year2,Chr01_6811651_7107385,0.0909675677716174,suggestive
Blup_Transfo_PC1_PC2_year2,Chr01_7107386_7117068,0.0909675677716174,suggestive
Blup_Transfo_PC1_PC2_year2,Chr01_7117069_8021093,0.0909675677716174,suggestive
Blup_Transfo_PC1_PC2_year2,Chr01_8021094_8021338,0.0909675677716174,suggestive
Blup_Transfo_PC1_PC2_year2,Chr01_8021339_8546533,0.0909675677716174,suggestive
Blup_Transfo_PC1_PC2_year2,Chr01_8546534_8548055,0.0909675677716174,suggestive
Blup_Transfo_PC1_PC2_year2,Chr01_8548056_9439189,0.0909675677716174,suggestive
Blup_Transfo_Perimeter_2_excl_cavities_field_year2,Chr02_1_4524,0.07026538085124241,suggestive
Blup_Transfo_Perimeter_2_excl_cavities_field_year2,Chr02_4525_349303,0.07026538085124241,suggestive
Blup_Transfo_Perimeter_2_excl_cavities_field_year2,Chr02_349304_361275,0.07026538085124241,suggestive
Blup_Transfo_Perimeter_2_excl_cavities_field_year2,Chr02_361276_876244,0.07026538085124241,suggestive
Blup_Transfo_Perimeter_2_excl_cavities_field_year2,Chr02_876245_880558,0.07026538085124241,suggestive
Blup_Transfo_Perimeter_2_excl_cavities_field_year2,Chr02_880559_1380844,0.07026538085124241,suggestive
Blup_Transfo_Perimeter_2_excl_cavities_field_year2,Chr02_1380845_1380870,0.07026538085124241,suggestive
Blup_Transfo_Perimeter_2_excl_cavities_field_year2,Chr02_1380871_1588241,0.07026538085124241,suggestive
Blup_Transfo_Perimeter_2_excl_cavities_field_year2,Chr02_1588242_1591077,0.07026538085124241,suggestive
Blup_Transfo_Perimeter_2_excl_cavities_field_year2,Chr02_1591078_2117143,0.07026538085124241,suggestive
Blup_Transfo_Perimeter_2_excl_cavities_field_year2,Chr02_2117144_2118662,0.07026538085124241,suggestive
Blup_Transfo_Perimeter_2_excl_cavities_field_year2,Chr02_2118663_2439301,0.07026538085124241,suggestive
Blup_Transfo_Perimeter_2_excl_cavities_field_year2,Chr02_2439302_2439318,0.07026538085124241,suggestive
Blup_Transfo_Perimeter_2_excl_cavities_field_year2,Chr02_2439319_3802076,0.059403019223321946,suggestive
Blup_Transfo_Perimeter_2_excl_cavities_field_year2,Chr02_3802077_3811171,0.050622530839042314,suggestive
Blup_Transfo_Perimeter_2_excl_cavities_field_year2,Chr02_3811172_4203782,0.050622530839042314,suggestive
Blup_Transfo_Perimeter_2_excl_cavities_field_year2,Chr02_4203783_4204963,0.050622530839042314,suggestive
Blup_Transfo_Perimeter_2_excl_cavities_field_year2,Chr02_4204964_5059530,0.050622530839042314,suggestive
Blup_Transfo_Perimeter_2_excl_cavities_field_year2,Chr02_5059531_5059566,0.07026538085124241,suggestive
Blup_Transfo_Perimeter_2_excl_cavities_field_year2,Chr02_5059567_5396611,0.07026538085124241,suggestive
Blup_Transfo_Perimeter_2_excl_cavities_field_year2,Chr02_5396612_5398283,0.07026538085124241,suggestive
Blup_Transfo_Vert_size_25perc_field_year2,Chr02_1_4524,0.0748498974316268,suggestive
Blup_Transfo_Vert_size_25perc_field_year2,Chr02_4525_349303,0.0748498974316268,suggestive
Blup_Transfo_Vert_size_25perc_field_year2,Chr02_349304_361275,0.0748498974316268,suggestive
Blup_Transfo_Vert_size_25perc_field_year2,Chr02_361276_876244,0.0748498974316268,suggestive
Blup_Transfo_Vert_size_25perc_field_year2,Chr02_876245_880558,0.0748498974316268,suggestive
Blup_Transfo_Vert_size_25perc_field_year2,Chr02_880559_1380844,0.0748498974316268,suggestive
Blup_Transfo_Vert_size_25perc_field_year2,Chr02_1380845_1380870,0.0748498974316268,suggestive
Blup_Transfo_Vert_size_25perc_field_year2,Chr02_1380871_1588241,0.0748498974316268,suggestive
Blup_Transfo_Vert_size_25perc_field_year2,Chr02_1588242_1591077,0.0748498974316268,suggestive
Blup_Transfo_Vert_size_25perc_field_year2,Chr02_1591078_2117143,0.0748498974316268,suggestive
Blup_Transfo_Vert_size_25perc_field_year2,Chr02_2117144_2118662,0.0748498974316268,suggestive
Blup_Transfo_Vert_size_25perc_field_year2,Chr02_2118663_2439301,0.0748498974316268,suggestive
Blup_Transfo_Vert_size_25perc_field_year2,Chr02_2439302_2439318,0.0748498974316268,suggestive
Blup_Transfo_Vert_size_25perc_field_year2,Chr02_2439319_3802076,0.06164659477271618,suggestive
Blup_Transfo_Vert_size_25perc_field_year2,Chr02_3802077_3811171,0.04258727890288234,significant
Blup_Transfo_Vert_size_25perc_field_year2,Chr02_3811172_4203782,0.04258727890288234,significant
Blup_Transfo_Vert_size_25perc_field_year2,Chr02_4203783_4204963,0.04258727890288234,significant
Blup_Transfo_Vert_size_25perc_field_year2,Chr02_4204964_5059530,0.04258727890288234,significant
Blup_Transfo_Vert_size_25perc_field_year2,Chr02_5059531_5059566,0.0748498974316268,suggestive
Blup_Transfo_Vert_size_25perc_field_year2,Chr02_5059567_5396611,0.0748498974316268,suggestive
Blup_Transfo_Vert_size_25perc_field_year2,Chr02_5396612_5398283,0.0748498974316268,suggestive
Blup_Transfo_Vert_size_25perc_field_year2,Chr02_5398284_5923170,0.09135318541401191,suggestive
Blup_Transfo_Vert_size_50perc_field_y1_y2,Chr02_1_4524,0.05559721522695367,suggestive
Blup_Transfo_Vert_size_50perc_field_y1_y2,Chr02_4525_349303,0.05559721522695367,suggestive
Blup_Transfo_Vert_size_50perc_field_y1_y2,Chr02_349304_361275,0.05559721522695367,suggestive
Blup_Transfo_Vert_size_50perc_field_y1_y2,Chr02_361276_876244,0.05559721522695367,suggestive
Blup_Transfo_Vert_size_50perc_field_y1_y2,Chr02_876245_880558,0.05559721522695367,suggestive
Blup_Transfo_Vert_size_50perc_field_y1_y2,Chr02_880559_1380844,0.05559721522695367,suggestive
Blup_Transfo_Vert_size_50perc_field_y1_y2,Chr02_1380845_1380870,0.05559721522695367,suggestive
Blup_Transfo_Vert_size_50perc_field_y1_y2,Chr02_1380871_1588241,0.05559721522695367,suggestive
Blup_Transfo_Vert_size_50perc_field_y1_y2,Chr02_1588242_1591077,0.05559721522695367,suggestive
Blup_Transfo_Vert_size_50perc_field_y1_y2,Chr02_1591078_2117143,0.05559721522695367,suggestive
Blup_Transfo_Vert_size_50perc_field_y1_y2,Chr02_2117144_2118662,0.05559721522695367,suggestive
Blup_Transfo_Vert_size_50perc_field_y1_y2,Chr02_2118663_2439301,0.05559721522695367,suggestive
Blup_Transfo_Vert_size_50perc_field_y1_y2,Chr02_2439302_2439318,0.05559721522695367,suggestive
Blup_Transfo_Vert_size_50perc_field_y1_y2,Chr02_2439319_3802076,0.05559721522695367,suggestive
Blup_Transfo_Vert_size_50perc_field_y1_y2,Chr02_3802077_3811171,0.05559721522695367,suggestive
Blup_Transfo_Vert_size_50perc_field_y1_y2,Chr02_3811172_4203782,0.05559721522695367,suggestive
Blup_Transfo_Vert_size_50perc_field_y1_y2,Chr02_4203783_4204963,0.05559721522695367,suggestive
Blup_Transfo_Vert_size_50perc_field_y1_y2,Chr02_4204964_5059530,0.05559721522695367,suggestive
Blup_Transfo_Vert_size_50perc_field_year2,Chr02_1_4524,0.05359122218835355,suggestive
Blup_Transfo_Vert_size_50perc_field_year2,Chr02_4525_349303,0.05359122218835355,suggestive
Blup_Transfo_Vert_size_50perc_field_year2,Chr02_349304_361275,0.05359122218835355,suggestive
Blup_Transfo_Vert_size_50perc_field_year2,Chr02_361276_876244,0.05359122218835355,suggestive
Blup_Transfo_Vert_size_50perc_field_year2,Chr02_876245_880558,0.05359122218835355,suggestive
Blup_Transfo_Vert_size_50perc_field_year2,Chr02_880559_1380844,0.05359122218835355,suggestive
Blup_Transfo_Vert_size_50perc_field_year2,Chr02_1380845_1380870,0.05359122218835355,suggestive
Blup_Transfo_Vert_size_50perc_field_year2,Chr02_1380871_1588241,0.05359122218835355,suggestive
Blup_Transfo_Vert_size_50perc_field_year2,Chr02_1588242_1591077,0.05359122218835355,suggestive
Blup_Transfo_Vert_size_50perc_field_year2,Chr02_1591078_2117143,0.05359122218835355,suggestive
Blup_Transfo_Vert_size_50perc_field_year2,Chr02_2117144_2118662,0.05359122218835355,suggestive
Blup_Transfo_Vert_size_50perc_field_year2,Chr02_2118663_2439301,0.05359122218835355,suggestive
Blup_Transfo_Vert_size_50perc_field_year2,Chr02_2439302_2439318,0.05359122218835355,suggestive
Blup_Transfo_Vert_size_50perc_field_year2,Chr02_2439319_3802076,0.05359122218835355,suggestive
Blup_Transfo_Vert_size_50perc_field_year2,Chr02_3802077_3811171,0.05359122218835355,suggestive
Blup_Transfo_Vert_size_50perc_field_year2,Chr02_3811172_4203782,0.05359122218835355,suggestive
Blup_Transfo_Vert_size_50perc_field_year2,Chr02_4203783_4204963,0.05359122218835355,suggestive
Blup_Transfo_Vert_size_50perc_field_year2,Chr02_4204964_5059530,0.05359122218835355,suggestive
Blup_Transfo_Vert_size_75perc_field_y1_y2,Chr02_2439319_3802076,0.09806716883757248,suggestive
Blup_Transfo_Vert_size_75perc_field_y1_y2,Chr02_3802077_3811171,0.09641158720720193,suggestive
Blup_Transfo_Vert_size_75perc_field_y1_y2,Chr02_3811172_4203782,0.09641158720720193,suggestive
Blup_Transfo_Vert_size_75perc_field_y1_y2,Chr02_4203783_4204963,0.09641158720720193,suggestive
Blup_Transfo_Vert_size_75perc_field_y1_y2,Chr02_4204964_5059530,0.09641158720720193,suggestive
Blup_Transfo_Vert_size_75perc_field_y1_y2,Chr02_5059531_5059566,0.09806716883757248,suggestive
Blup_Transfo_Vert_size_75perc_field_y1_y2,Chr02_5059567_5396611,0.09806716883757248,suggestive
Blup_Transfo_Vert_size_75perc_field_y1_y2,Chr02_5396612_5398283,0.09806716883757248,suggestive
Blup_Transfo_Vert_size_75perc_field_year2,Chr02_1_4524,0.07059191113971149,suggestive
Blup_Transfo_Vert_size_75perc_field_year2,Chr02_4525_349303,0.07059191113971149,suggestive
Blup_Transfo_Vert_size_75perc_field_year2,Chr02_349304_361275,0.07059191113971149,suggestive
Blup_Transfo_Vert_size_75perc_field_year2,Chr02_361276_876244,0.07059191113971149,suggestive
Blup_Transfo_Vert_size_75perc_field_year2,Chr02_876245_880558,0.07059191113971149,suggestive
Blup_Transfo_Vert_size_75perc_field_year2,Chr02_880559_1380844,0.07059191113971149,suggestive
Blup_Transfo_Vert_size_75perc_field_year2,Chr02_1380845_1380870,0.07059191113971149,suggestive
Blup_Transfo_Vert_size_75perc_field_year2,Chr02_1380871_1588241,0.07059191113971149,suggestive
Blup_Transfo_Vert_size_75perc_field_year2,Chr02_1588242_1591077,0.07059191113971149,suggestive
Blup_Transfo_Vert_size_75perc_field_year2,Chr02_1591078_2117143,0.07059191113971149,suggestive
Blup_Transfo_Vert_size_75perc_field_year2,Chr02_2117144_2118662,0.07059191113971149,suggestive
Blup_Transfo_Vert_size_75perc_field_year2,Chr02_2118663_2439301,0.07059191113971149,suggestive
Blup_Transfo_Vert_size_75perc_field_year2,Chr02_2439302_2439318,0.07059191113971149,suggestive
Blup_Transfo_Vert_size_75perc_field_year2,Chr02_2439319_3802076,0.055990344710677105,suggestive
Blup_Transfo_Vert_size_75perc_field_year2,Chr02_3802077_3811171,0.04187276787733118,significant
Blup_Transfo_Vert_size_75perc_field_year2,Chr02_3811172_4203782,0.04187276787733118,significant
Blup_Transfo_Vert_size_75perc_field_year2,Chr02_4203783_4204963,0.04187276787733118,significant
Blup_Transfo_Vert_size_75perc_field_year2,Chr02_4204964_5059530,0.04187276787733118,significant
Blup_Transfo_Vert_size_75perc_field_year2,Chr02_5059531_5059566,0.07059191113971149,suggestive
Blup_Transfo_Vert_size_75perc_field_year2,Chr02_5059567_5396611,0.07059191113971149,suggestive
Blup_Transfo_Vert_size_75perc_field_year2,Chr02_5396612_5398283,0.07059191113971149,suggestive
Blup_Transfo_Vert_size_center_field_y1_y2,Chr02_1_4524,0.053330974157708495,suggestive
Blup_Transfo_Vert_size_center_field_y1_y2,Chr02_4525_349303,0.053330974157708495,suggestive
Blup_Transfo_Vert_size_center_field_y1_y2,Chr02_349304_361275,0.053330974157708495,suggestive
Blup_Transfo_Vert_size_center_field_y1_y2,Chr02_361276_876244,0.053330974157708495,suggestive
Blup_Transfo_Vert_size_center_field_y1_y2,Chr02_876245_880558,0.053330974157708495,suggestive
Blup_Transfo_Vert_size_center_field_y1_y2,Chr02_880559_1380844,0.053330974157708495,suggestive
Blup_Transfo_Vert_size_center_field_y1_y2,Chr02_1380845_1380870,0.053330974157708495,suggestive
Blup_Transfo_Vert_size_center_field_y1_y2,Chr02_1380871_1588241,0.053330974157708495,suggestive
Blup_Transfo_Vert_size_center_field_y1_y2,Chr02_1588242_1591077,0.053330974157708495,suggestive
Blup_Transfo_Vert_size_center_field_y1_y2,Chr02_1591078_2117143,0.053330974157708495,suggestive
Blup_Transfo_Vert_size_center_field_y1_y2,Chr02_2117144_2118662,0.053330974157708495,suggestive
Blup_Transfo_Vert_size_center_field_y1_y2,Chr02_2118663_2439301,0.053330974157708495,suggestive
Blup_Transfo_Vert_size_center_field_y1_y2,Chr02_2439302_2439318,0.053330974157708495,suggestive
Blup_Transfo_Vert_size_center_field_y1_y2,Chr02_2439319_3802076,0.053330974157708495,suggestive
Blup_Transfo_Vert_size_center_field_y1_y2,Chr02_3802077_3811171,0.053330974157708495,suggestive
Blup_Transfo_Vert_size_center_field_y1_y2,Chr02_3811172_4203782,0.053330974157708495,suggestive
Blup_Transfo_Vert_size_center_field_y1_y2,Chr02_4203783_4204963,0.053330974157708495,suggestive
Blup_Transfo_Vert_size_center_field_y1_y2,Chr02_4204964_5059530,0.053330974157708495,suggestive
Blup_Transfo_Vert_size_center_field_year2,Chr02_1_4524,0.04528250528279885,significant
Blup_Transfo_Vert_size_center_field_year2,Chr02_4525_349303,0.04528250528279885,significant
Blup_Transfo_Vert_size_center_field_year2,Chr02_349304_361275,0.04528250528279885,significant
Blup_Transfo_Vert_size_center_field_year2,Chr02_361276_876244,0.04528250528279885,significant
Blup_Transfo_Vert_size_center_field_year2,Chr02_876245_880558,0.04528250528279885,significant
Blup_Transfo_Vert_size_center_field_year2,Chr02_880559_1380844,0.04528250528279885,significant
Blup_Transfo_Vert_size_center_field_year2,Chr02_1380845_1380870,0.04528250528279885,significant
Blup_Transfo_Vert_size_center_field_year2,Chr02_1380871_1588241,0.04528250528279885,significant
Blup_Transfo_Vert_size_center_field_year2,Chr02_1588242_1591077,0.04528250528279885,significant
Blup_Transfo_Vert_size_center_field_year2,Chr02_1591078_2117143,0.04528250528279885,significant
Blup_Transfo_Vert_size_center_field_year2,Chr02_2117144_2118662,0.04528250528279885,significant
Blup_Transfo_Vert_size_center_field_year2,Chr02_2118663_2439301,0.04528250528279885,significant
Blup_Transfo_Vert_size_center_field_year2,Chr02_2439302_2439318,0.04528250528279885,significant
Blup_Transfo_Vert_size_center_field_year2,Chr02_2439319_3802076,0.04528250528279885,significant
Blup_Transfo_Vert_size_center_field_year2,Chr02_3802077_3811171,0.04528250528279885,significant
Blup_Transfo_Vert_size_center_field_year2,Chr02_3811172_4203782,0.04528250528279885,significant
Blup_Transfo_Vert_size_center_field_year2,Chr02_4203783_4204963,0.04528250528279885,significant
Blup_Transfo_Vert_size_center_field_year2,Chr02_4204964_5059530,0.04528250528279885,significant
Blup_Transfo_Vert_size_center_Horiz_size_center_ratio_field_y1_y2,Chr02_4204964_5059530,0.02206036745954004,significant
Blup_Transfo_Vert_size_center_Horiz_size_center_ratio_field_y1_y2,Chr02_5059531_5059566,0.05681746032756375,suggestive
Blup_Transfo_Vert_size_center_Horiz_size_center_ratio_field_y1_y2,Chr02_5059567_5396611,0.05681746032756375,suggestive
Blup_Transfo_Vert_size_center_Horiz_size_center_ratio_field_y1_y2,Chr02_5396612_5398283,0.05681746032756375,suggestive
Blup_Transfo_Vert_size_center_Horiz_size_center_ratio_field_year2,Chr02_4204964_5059530,0.039305324288042315,significant
Blup_Transfo_Vert_size_center_Horiz_size_center_ratio_field_year2,Chr02_5059531_5059566,0.09090349563738657,suggestive
Blup_Transfo_Vert_size_center_Horiz_size_center_ratio_field_year2,Chr02_5059567_5396611,0.09090349563738657,suggestive
Blup_Transfo_Vert_size_center_Horiz_size_center_ratio_field_year2,Chr02_5396612_5398283,0.09090349563738657,suggestive
