Lane #,Lane,Sequencing,Read Type,Library,Person,Lib. type,Index/barcode type,Index 1 / Barcode 1 # ,Index 2 / Barcode 2 # ,Barcode / Index 1 seq,Index 2 seq,Overhang,Removed Bases,% of lane
,POP25-28,HS50SE,5,POP25_01,HT,Genomic,iAD-D,1,1,AACGTGAT,TCAGGAAC,,,2.98
,POP25-28,HS50SE,5,POP25_02,HT,Genomic,iAD-D,9,1,CGCTGATC,TCAGGAAC,,,2.98
,POP25-28,HS50SE,5,POP25_03,HT,Genomic,iAD-D,17,1,AAGGTACA,TCAGGAAC,,,2.98
,POP25-28,HS50SE,5,POP25_04,HT,Genomic,iAD-D,25,1,AGATCGCA,TCAGGAAC,,,2.98
,POP25-28,HS50SE,5,POP25_05,HT,Genomic,iAD-D,33,1,CACTTCGA,TCAGGAAC,,,2.98
,POP25-28,HS50SE,5,POP25_06,HT,Genomic,iAD-D,41,1,CGACTGGA,TCAGGAAC,,,2.98
,POP25-28,HS50SE,5,POP25_07,HT,Genomic,iAD-D,49,1,GATAGACA,TCAGGAAC,,,2.98
,POP25-28,HS50SE,5,POP25_08,HT,Genomic,iAD-D,57,1,GTCGTAGA,TCAGGAAC,,,2.98
,POP25-28,HS50SE,5,POP25_09,HT,Genomic,iAD-D,1,2,AACGTGAT,TAGACCCA,,,2.98
,POP25-28,HS50SE,5,POP25_10,HT,Genomic,iAD-D,9,2,CGCTGATC,TAGACCCA,,,2.98
,POP25-28,HS50SE,5,POP25_11,HT,Genomic,iAD-D,17,2,AAGGTACA,TAGACCCA,,,2.98
,POP25-28,HS50SE,5,POP25_12,HT,Genomic,iAD-D,25,2,AGATCGCA,TAGACCCA,,,2.98
,POP25-28,HS50SE,5,POP25_13,HT,Genomic,iAD-D,33,2,CACTTCGA,TAGACCCA,,,2.98
,POP25-28,HS50SE,5,POP25_14,HT,Genomic,iAD-D,41,2,CGACTGGA,TAGACCCA,,,2.98
,POP25-28,HS50SE,5,POP25_15,HT,Genomic,iAD-D,49,2,GATAGACA,TAGACCCA,,,2.98
,POP25-28,HS50SE,5,POP25_16,HT,Genomic,iAD-D,57,2,GTCGTAGA,TAGACCCA,,,2.98
,POP25-28,HS50SE,5,POP25_17,HT,Genomic,iAD-D,1,3,AACGTGAT,GTAACCTT,,,2.98
,POP25-28,HS50SE,5,POP25_18,HT,Genomic,iAD-D,9,3,CGCTGATC,GTAACCTT,,,2.98
,POP25-28,HS50SE,5,POP25_19,HT,Genomic,iAD-D,17,3,AAGGTACA,GTAACCTT,,,2.98
,POP25-28,HS50SE,5,POP25_20,HT,Genomic,iAD-D,25,3,AGATCGCA,GTAACCTT,,,2.98
,POP25-28,HS50SE,5,POP25_21,HT,Genomic,iAD-D,33,3,CACTTCGA,GTAACCTT,,,2.98
,POP25-28,HS50SE,5,POP25_22,HT,Genomic,iAD-D,41,3,CGACTGGA,GTAACCTT,,,2.98
,POP25-28,HS50SE,5,POP25_23,HT,Genomic,iAD-D,49,3,GATAGACA,GTAACCTT,,,2.98
,POP25-28,HS50SE,5,POP25_24,HT,Genomic,iAD-D,57,3,GTCGTAGA,GTAACCTT,,,2.98
,POP25-28,HS50SE,5,POP25_25,HT,Genomic,iAD-D,1,4,AACGTGAT,GGCCCAAA,,,2.98
,POP25-28,HS50SE,5,POP25_26,HT,Genomic,iAD-D,9,4,CGCTGATC,GGCCCAAA,,,2.98
,POP25-28,HS50SE,5,POP25_27,HT,Genomic,iAD-D,17,4,AAGGTACA,GGCCCAAA,,,2.98
,POP25-28,HS50SE,5,POP25_28,HT,Genomic,iAD-D,25,4,AGATCGCA,GGCCCAAA,,,2.98
,POP25-28,HS50SE,5,POP25_29,HT,Genomic,iAD-D,33,4,CACTTCGA,GGCCCAAA,,,2.98
,POP25-28,HS50SE,5,POP25_30,HT,Genomic,iAD-D,41,4,CGACTGGA,GGCCCAAA,,,2.98
,POP25-28,HS50SE,5,POP25_31,HT,Genomic,iAD-D,49,4,GATAGACA,GGCCCAAA,,,2.98
,POP25-28,HS50SE,5,POP25_32,HT,Genomic,iAD-D,57,4,GTCGTAGA,GGCCCAAA,,,2.98
,POP25-28,HS50SE,5,POP25_33,HT,Genomic,iAD-D,1,5,AACGTGAT,GCACTGTT,,,2.98
,POP25-28,HS50SE,5,POP25_34,HT,Genomic,iAD-D,9,5,CGCTGATC,GCACTGTT,,,2.98
,POP25-28,HS50SE,5,POP25_35,HT,Genomic,iAD-D,17,5,AAGGTACA,GCACTGTT,,,2.98
,POP25-28,HS50SE,5,POP25_36,HT,Genomic,iAD-D,25,5,AGATCGCA,GCACTGTT,,,2.98
,POP25-28,HS50SE,5,POP25_37,HT,Genomic,iAD-D,33,5,CACTTCGA,GCACTGTT,,,2.98
,POP25-28,HS50SE,5,POP25_38,HT,Genomic,iAD-D,41,5,CGACTGGA,GCACTGTT,,,2.98
,POP25-28,HS50SE,5,POP25_39,HT,Genomic,iAD-D,49,5,GATAGACA,GCACTGTT,,,2.98
,POP25-28,HS50SE,5,POP25_40,HT,Genomic,iAD-D,57,5,GTCGTAGA,GCACTGTT,,,2.98
,POP25-28,HS50SE,5,POP25_41,HT,Genomic,iAD-D,1,6,AACGTGAT,CAGTAGGA,,,2.98
,POP25-28,HS50SE,5,POP25_42,HT,Genomic,iAD-D,9,6,CGCTGATC,CAGTAGGA,,,2.98
,POP25-28,HS50SE,5,POP25_43,HT,Genomic,iAD-D,17,6,AAGGTACA,CAGTAGGA,,,2.98
,POP25-28,HS50SE,5,POP25_44,HT,Genomic,iAD-D,25,6,AGATCGCA,CAGTAGGA,,,2.98
,POP25-28,HS50SE,5,POP25_45,HT,Genomic,iAD-D,33,6,CACTTCGA,CAGTAGGA,,,2.98
,POP25-28,HS50SE,5,POP25_46,HT,Genomic,iAD-D,41,6,CGACTGGA,CAGTAGGA,,,2.98
,POP25-28,HS50SE,5,POP25_47,HT,Genomic,iAD-D,49,6,GATAGACA,CAGTAGGA,,,2.98
,POP25-28,HS50SE,5,POP25_48,HT,Genomic,iAD-D,57,6,GTCGTAGA,CAGTAGGA,,,2.98
,POP25-28,HS50SE,5,POP25_49,HT,Genomic,iAD-D,2,7,AAACATCG,ATTTCCTG,,,2.98
,POP25-28,HS50SE,5,POP25_50,HT,Genomic,iAD-D,10,7,ACAAGCTA,ATTTCCTG,,,2.98
,POP25-28,HS50SE,5,POP25_51,HT,Genomic,iAD-D,18,7,ACACAGAA,ATTTCCTG,,,2.98
,POP25-28,HS50SE,5,POP25_52,HT,Genomic,iAD-D,26,7,AGCAGGAA,ATTTCCTG,,,2.98
,POP25-28,HS50SE,5,POP25_53,HT,Genomic,iAD-D,34,7,CAGCGTTA,ATTTCCTG,,,2.98
,POP25-28,HS50SE,5,POP25_54,HT,Genomic,iAD-D,42,7,CGCATACA,ATTTCCTG,,,2.98
,POP25-28,HS50SE,5,POP25_55,HT,Genomic,iAD-D,50,7,GCCACATA,ATTTCCTG,,,2.98
,POP25-28,HS50SE,5,POP25_56,HT,Genomic,iAD-D,58,7,GTCTGTCA,ATTTCCTG,,,2.98
,POP25-28,HS50SE,5,POP25_57,HT,Genomic,iAD-D,2,8,AAACATCG,ATTCTAGC,,,2.98
,POP25-28,HS50SE,5,POP25_58,HT,Genomic,iAD-D,10,8,ACAAGCTA,ATTCTAGC,,,2.98
,POP25-28,HS50SE,5,POP25_59,HT,Genomic,iAD-D,18,8,ACACAGAA,ATTCTAGC,,,2.98
,POP25-28,HS50SE,5,POP25_60,HT,Genomic,iAD-D,26,8,AGCAGGAA,ATTCTAGC,,,2.98
,POP25-28,HS50SE,5,POP25_61,HT,Genomic,iAD-D,34,8,CAGCGTTA,ATTCTAGC,,,2.98
,POP25-28,HS50SE,5,POP25_62,HT,Genomic,iAD-D,42,8,CGCATACA,ATTCTAGC,,,2.98
,POP25-28,HS50SE,5,POP25_63,HT,Genomic,iAD-D,50,8,GCCACATA,ATTCTAGC,,,2.98
,POP25-28,HS50SE,5,POP25_64,HT,Genomic,iAD-D,58,8,GTCTGTCA,ATTCTAGC,,,2.98
,POP25-28,HS50SE,5,POP25_65,HT,Genomic,iAD-D,2,9,AAACATCG,TTGGTGCA,,,2.98
,POP25-28,HS50SE,5,POP25_66,HT,Genomic,iAD-D,10,9,ACAAGCTA,TTGGTGCA,,,2.98
,POP25-28,HS50SE,5,POP25_67,HT,Genomic,iAD-D,18,9,ACACAGAA,TTGGTGCA,,,2.98
,POP25-28,HS50SE,5,POP25_68,HT,Genomic,iAD-D,26,9,AGCAGGAA,TTGGTGCA,,,2.98
,POP25-28,HS50SE,5,POP25_69,HT,Genomic,iAD-D,34,9,CAGCGTTA,TTGGTGCA,,,2.98
,POP25-28,HS50SE,5,POP25_70,HT,Genomic,iAD-D,42,9,CGCATACA,TTGGTGCA,,,2.98
,POP25-28,HS50SE,5,POP25_71,HT,Genomic,iAD-D,50,9,GCCACATA,TTGGTGCA,,,2.98
,POP25-28,HS50SE,5,POP25_72,HT,Genomic,iAD-D,58,9,GTCTGTCA,TTGGTGCA,,,2.98
,POP25-28,HS50SE,5,POP25_73,HT,Genomic,iAD-D,2,10,AAACATCG,TGCGTACG,,,2.98
,POP25-28,HS50SE,5,POP25_74,HT,Genomic,iAD-D,10,10,ACAAGCTA,TGCGTACG,,,2.98
,POP25-28,HS50SE,5,POP25_75,HT,Genomic,iAD-D,18,10,ACACAGAA,TGCGTACG,,,2.98
,POP25-28,HS50SE,5,POP25_76,HT,Genomic,iAD-D,26,10,AGCAGGAA,TGCGTACG,,,2.98
,POP25-28,HS50SE,5,POP25_77,HT,Genomic,iAD-D,34,10,CAGCGTTA,TGCGTACG,,,2.98
,POP25-28,HS50SE,5,POP25_78,HT,Genomic,iAD-D,42,10,CGCATACA,TGCGTACG,,,2.98
,POP25-28,HS50SE,5,POP25_79,HT,Genomic,iAD-D,50,10,GCCACATA,TGCGTACG,,,2.98
,POP25-28,HS50SE,5,POP25_80,HT,Genomic,iAD-D,58,10,GTCTGTCA,TGCGTACG,,,2.98
,POP25-28,HS50SE,5,POP25_81,HT,Genomic,iAD-D,2,11,AAACATCG,TCGCCTTT,,,2.98
,POP25-28,HS50SE,5,POP25_82,HT,Genomic,iAD-D,10,11,ACAAGCTA,TCGCCTTT,,,2.98
,POP25-28,HS50SE,5,POP25_83,HT,Genomic,iAD-D,18,11,ACACAGAA,TCGCCTTT,,,2.98
,POP25-28,HS50SE,5,POP25_84,HT,Genomic,iAD-D,26,11,AGCAGGAA,TCGCCTTT,,,2.98
,POP25-28,HS50SE,5,POP25_85,HT,Genomic,iAD-D,34,11,CAGCGTTA,TCGCCTTT,,,2.98
,POP25-28,HS50SE,5,POP25_86,HT,Genomic,iAD-D,42,11,CGCATACA,TCGCCTTT,,,2.98
,POP25-28,HS50SE,5,POP25_87,HT,Genomic,iAD-D,50,11,GCCACATA,TCGCCTTT,,,2.98
,POP25-28,HS50SE,5,POP25_88,HT,Genomic,iAD-D,58,11,GTCTGTCA,TCGCCTTT,,,2.98
,POP25-28,HS50SE,5,POP25_89,HT,Genomic,iAD-D,2,12,AAACATCG,AGGTCAGA,,,2.98
,POP25-28,HS50SE,5,POP25_90,HT,Genomic,iAD-D,10,12,ACAAGCTA,AGGTCAGA,,,2.98
,POP25-28,HS50SE,5,POP25_91,HT,Genomic,iAD-D,18,12,ACACAGAA,AGGTCAGA,,,2.98
,POP25-28,HS50SE,5,POP25_92,HT,Genomic,iAD-D,26,12,AGCAGGAA,AGGTCAGA,,,2.98
,POP25-28,HS50SE,5,POP25_93,HT,Genomic,iAD-D,34,12,CAGCGTTA,AGGTCAGA,,,2.98
,POP25-28,HS50SE,5,POP25_94,HT,Genomic,iAD-D,42,12,CGCATACA,AGGTCAGA,,,2.98
,POP25-28,HS50SE,5,POP25_95,HT,Genomic,iAD-D,50,12,GCCACATA,AGGTCAGA,,,2.98
,POP25-28,HS50SE,5,POP25_96,HT,Genomic,iAD-D,58,12,GTCTGTCA,AGGTCAGA,,,2.98
,POP25-28,HS50SE,5,POP26_01,HT,Genomic,iAD-D,3,1,ATGCCTAA,TCAGGAAC,,,2.98
,POP25-28,HS50SE,5,POP26_02,HT,Genomic,iAD-D,11,1,CTGTAGCC,TCAGGAAC,,,2.98
,POP25-28,HS50SE,5,POP26_03,HT,Genomic,iAD-D,19,1,ACAGCAGA,TCAGGAAC,,,2.98
,POP25-28,HS50SE,5,POP26_04,HT,Genomic,iAD-D,27,1,AGTCACTA,TCAGGAAC,,,2.98
,POP25-28,HS50SE,5,POP26_05,HT,Genomic,iAD-D,35,1,CATACCAA,TCAGGAAC,,,2.98
,POP25-28,HS50SE,5,POP26_06,HT,Genomic,iAD-D,89,1,CGACACAC,TCAGGAAC,,,2.98
,POP25-28,HS50SE,5,POP26_07,HT,Genomic,iAD-D,51,1,GCGAGTAA,TCAGGAAC,,,2.98
,POP25-28,HS50SE,5,POP26_08,HT,Genomic,iAD-D,59,1,GTGTTCTA,TCAGGAAC,,,2.98
,POP25-28,HS50SE,5,POP26_09,HT,Genomic,iAD-D,3,2,ATGCCTAA,TAGACCCA,,,2.98
,POP25-28,HS50SE,5,POP26_10,HT,Genomic,iAD-D,11,2,CTGTAGCC,TAGACCCA,,,2.98
,POP25-28,HS50SE,5,POP26_11,HT,Genomic,iAD-D,19,2,ACAGCAGA,TAGACCCA,,,2.98
,POP25-28,HS50SE,5,POP26_12,HT,Genomic,iAD-D,27,2,AGTCACTA,TAGACCCA,,,2.98
,POP25-28,HS50SE,5,POP26_13,HT,Genomic,iAD-D,35,2,CATACCAA,TAGACCCA,,,2.98
,POP25-28,HS50SE,5,POP26_14,HT,Genomic,iAD-D,89,2,CGACACAC,TAGACCCA,,,2.98
,POP25-28,HS50SE,5,POP26_15,HT,Genomic,iAD-D,51,2,GCGAGTAA,TAGACCCA,,,2.98
,POP25-28,HS50SE,5,POP26_16,HT,Genomic,iAD-D,59,2,GTGTTCTA,TAGACCCA,,,2.98
,POP25-28,HS50SE,5,POP26_17,HT,Genomic,iAD-D,3,3,ATGCCTAA,GTAACCTT,,,2.98
,POP25-28,HS50SE,5,POP26_18,HT,Genomic,iAD-D,11,3,CTGTAGCC,GTAACCTT,,,2.98
,POP25-28,HS50SE,5,POP26_19,HT,Genomic,iAD-D,19,3,ACAGCAGA,GTAACCTT,,,2.98
,POP25-28,HS50SE,5,POP26_20,HT,Genomic,iAD-D,27,3,AGTCACTA,GTAACCTT,,,2.98
,POP25-28,HS50SE,5,POP26_21,HT,Genomic,iAD-D,35,3,CATACCAA,GTAACCTT,,,2.98
,POP25-28,HS50SE,5,POP26_22,HT,Genomic,iAD-D,89,3,CGACACAC,GTAACCTT,,,2.98
,POP25-28,HS50SE,5,POP26_23,HT,Genomic,iAD-D,51,3,GCGAGTAA,GTAACCTT,,,2.98
,POP25-28,HS50SE,5,POP26_24,HT,Genomic,iAD-D,59,3,GTGTTCTA,GTAACCTT,,,2.98
,POP25-28,HS50SE,5,POP26_25,HT,Genomic,iAD-D,3,4,ATGCCTAA,GGCCCAAA,,,2.98
,POP25-28,HS50SE,5,POP26_26,HT,Genomic,iAD-D,11,4,CTGTAGCC,GGCCCAAA,,,2.98
,POP25-28,HS50SE,5,POP26_27,HT,Genomic,iAD-D,19,4,ACAGCAGA,GGCCCAAA,,,2.98
,POP25-28,HS50SE,5,POP26_28,HT,Genomic,iAD-D,27,4,AGTCACTA,GGCCCAAA,,,2.98
,POP25-28,HS50SE,5,POP26_29,HT,Genomic,iAD-D,35,4,CATACCAA,GGCCCAAA,,,2.98
,POP25-28,HS50SE,5,POP26_30,HT,Genomic,iAD-D,89,4,CGACACAC,GGCCCAAA,,,2.98
,POP25-28,HS50SE,5,POP26_31,HT,Genomic,iAD-D,51,4,GCGAGTAA,GGCCCAAA,,,2.98
,POP25-28,HS50SE,5,POP26_32,HT,Genomic,iAD-D,59,4,GTGTTCTA,GGCCCAAA,,,2.98
,POP25-28,HS50SE,5,POP26_33,HT,Genomic,iAD-D,3,5,ATGCCTAA,GCACTGTT,,,2.98
,POP25-28,HS50SE,5,POP26_34,HT,Genomic,iAD-D,11,5,CTGTAGCC,GCACTGTT,,,2.98
,POP25-28,HS50SE,5,POP26_35,HT,Genomic,iAD-D,19,5,ACAGCAGA,GCACTGTT,,,2.98
,POP25-28,HS50SE,5,POP26_36,HT,Genomic,iAD-D,27,5,AGTCACTA,GCACTGTT,,,2.98
,POP25-28,HS50SE,5,POP26_37,HT,Genomic,iAD-D,35,5,CATACCAA,GCACTGTT,,,2.98
,POP25-28,HS50SE,5,POP26_38,HT,Genomic,iAD-D,89,5,CGACACAC,GCACTGTT,,,2.98
,POP25-28,HS50SE,5,POP26_39,HT,Genomic,iAD-D,51,5,GCGAGTAA,GCACTGTT,,,2.98
,POP25-28,HS50SE,5,POP26_40,HT,Genomic,iAD-D,59,5,GTGTTCTA,GCACTGTT,,,2.98
,POP25-28,HS50SE,5,POP26_41,HT,Genomic,iAD-D,3,6,ATGCCTAA,CAGTAGGA,,,2.98
,POP25-28,HS50SE,5,POP26_42,HT,Genomic,iAD-D,11,6,CTGTAGCC,CAGTAGGA,,,2.98
,POP25-28,HS50SE,5,POP26_43,HT,Genomic,iAD-D,19,6,ACAGCAGA,CAGTAGGA,,,2.98
,POP25-28,HS50SE,5,POP26_44,HT,Genomic,iAD-D,27,6,AGTCACTA,CAGTAGGA,,,2.98
,POP25-28,HS50SE,5,POP26_45,HT,Genomic,iAD-D,35,6,CATACCAA,CAGTAGGA,,,2.98
,POP25-28,HS50SE,5,POP26_46,HT,Genomic,iAD-D,89,6,CGACACAC,CAGTAGGA,,,2.98
,POP25-28,HS50SE,5,POP26_47,HT,Genomic,iAD-D,51,6,GCGAGTAA,CAGTAGGA,,,2.98
,POP25-28,HS50SE,5,POP26_48,HT,Genomic,iAD-D,59,6,GTGTTCTA,CAGTAGGA,,,2.98
,POP25-28,HS50SE,5,POP26_49,HT,Genomic,iAD-D,4,7,AGTGGTCA,ATTTCCTG,,,2.98
,POP25-28,HS50SE,5,POP26_50,HT,Genomic,iAD-D,12,7,AGTACAAG,ATTTCCTG,,,2.98
,POP25-28,HS50SE,5,POP26_51,HT,Genomic,iAD-D,20,7,ACCTCCAA,ATTTCCTG,,,2.98
,POP25-28,HS50SE,5,POP26_52,HT,Genomic,iAD-D,28,7,ATCCTGTA,ATTTCCTG,,,2.98
,POP25-28,HS50SE,5,POP26_53,HT,Genomic,iAD-D,36,7,CCAGTTCA,ATTTCCTG,,,2.98
,POP25-28,HS50SE,5,POP26_54,HT,Genomic,iAD-D,44,7,CTGAGCCA,ATTTCCTG,,,2.98
,POP25-28,HS50SE,5,POP26_55,HT,Genomic,iAD-D,52,7,GCTAACGA,ATTTCCTG,,,2.98
,POP25-28,HS50SE,5,POP26_56,HT,Genomic,iAD-D,60,7,TAGGATGA,ATTTCCTG,,,2.98
,POP25-28,HS50SE,5,POP26_57,HT,Genomic,iAD-D,4,8,AGTGGTCA,ATTCTAGC,,,2.98
,POP25-28,HS50SE,5,POP26_58,HT,Genomic,iAD-D,12,8,AGTACAAG,ATTCTAGC,,,2.98
,POP25-28,HS50SE,5,POP26_59,HT,Genomic,iAD-D,20,8,ACCTCCAA,ATTCTAGC,,,2.98
,POP25-28,HS50SE,5,POP26_60,HT,Genomic,iAD-D,28,8,ATCCTGTA,ATTCTAGC,,,2.98
,POP25-28,HS50SE,5,POP26_61,HT,Genomic,iAD-D,36,8,CCAGTTCA,ATTCTAGC,,,2.98
,POP25-28,HS50SE,5,POP26_62,HT,Genomic,iAD-D,44,8,CTGAGCCA,ATTCTAGC,,,2.98
,POP25-28,HS50SE,5,POP26_63,HT,Genomic,iAD-D,52,8,GCTAACGA,ATTCTAGC,,,2.98
,POP25-28,HS50SE,5,POP26_64,HT,Genomic,iAD-D,60,8,TAGGATGA,ATTCTAGC,,,2.98
,POP25-28,HS50SE,5,POP26_65,HT,Genomic,iAD-D,4,9,AGTGGTCA,TTGGTGCA,,,2.98
,POP25-28,HS50SE,5,POP26_66,HT,Genomic,iAD-D,12,9,AGTACAAG,TTGGTGCA,,,2.98
,POP25-28,HS50SE,5,POP26_67,HT,Genomic,iAD-D,20,9,ACCTCCAA,TTGGTGCA,,,2.98
,POP25-28,HS50SE,5,POP26_68,HT,Genomic,iAD-D,28,9,ATCCTGTA,TTGGTGCA,,,2.98
,POP25-28,HS50SE,5,POP26_69,HT,Genomic,iAD-D,36,9,CCAGTTCA,TTGGTGCA,,,2.98
,POP25-28,HS50SE,5,POP26_70,HT,Genomic,iAD-D,44,9,CTGAGCCA,TTGGTGCA,,,2.98
,POP25-28,HS50SE,5,POP26_71,HT,Genomic,iAD-D,52,9,GCTAACGA,TTGGTGCA,,,2.98
,POP25-28,HS50SE,5,POP26_72,HT,Genomic,iAD-D,60,9,TAGGATGA,TTGGTGCA,,,2.98
,POP25-28,HS50SE,5,POP26_73,HT,Genomic,iAD-D,4,10,AGTGGTCA,TGCGTACG,,,2.98
,POP25-28,HS50SE,5,POP26_74,HT,Genomic,iAD-D,12,10,AGTACAAG,TGCGTACG,,,2.98
,POP25-28,HS50SE,5,POP26_75,HT,Genomic,iAD-D,20,10,ACCTCCAA,TGCGTACG,,,2.98
,POP25-28,HS50SE,5,POP26_76,HT,Genomic,iAD-D,28,10,ATCCTGTA,TGCGTACG,,,2.98
,POP25-28,HS50SE,5,POP26_77,HT,Genomic,iAD-D,36,10,CCAGTTCA,TGCGTACG,,,2.98
,POP25-28,HS50SE,5,POP26_78,HT,Genomic,iAD-D,44,10,CTGAGCCA,TGCGTACG,,,2.98
,POP25-28,HS50SE,5,POP26_79,HT,Genomic,iAD-D,52,10,GCTAACGA,TGCGTACG,,,2.98
,POP25-28,HS50SE,5,POP26_80,HT,Genomic,iAD-D,60,10,TAGGATGA,TGCGTACG,,,2.98
,POP25-28,HS50SE,5,POP26_81,HT,Genomic,iAD-D,4,11,AGTGGTCA,TCGCCTTT,,,2.98
,POP25-28,HS50SE,5,POP26_82,HT,Genomic,iAD-D,12,11,AGTACAAG,TCGCCTTT,,,2.98
,POP25-28,HS50SE,5,POP26_83,HT,Genomic,iAD-D,20,11,ACCTCCAA,TCGCCTTT,,,2.98
,POP25-28,HS50SE,5,POP26_84,HT,Genomic,iAD-D,28,11,ATCCTGTA,TCGCCTTT,,,2.98
,POP25-28,HS50SE,5,POP26_85,HT,Genomic,iAD-D,36,11,CCAGTTCA,TCGCCTTT,,,2.98
,POP25-28,HS50SE,5,POP26_86,HT,Genomic,iAD-D,44,11,CTGAGCCA,TCGCCTTT,,,2.98
,POP25-28,HS50SE,5,POP26_87,HT,Genomic,iAD-D,52,11,GCTAACGA,TCGCCTTT,,,2.98
,POP25-28,HS50SE,5,POP26_88,HT,Genomic,iAD-D,60,11,TAGGATGA,TCGCCTTT,,,2.98
,POP25-28,HS50SE,5,POP26_89,HT,Genomic,iAD-D,4,12,AGTGGTCA,AGGTCAGA,,,2.98
,POP25-28,HS50SE,5,POP26_90,HT,Genomic,iAD-D,12,12,AGTACAAG,AGGTCAGA,,,2.98
,POP25-28,HS50SE,5,POP26_91,HT,Genomic,iAD-D,20,12,ACCTCCAA,AGGTCAGA,,,2.98
,POP25-28,HS50SE,5,POP26_92,HT,Genomic,iAD-D,28,12,ATCCTGTA,AGGTCAGA,,,2.98
,POP25-28,HS50SE,5,POP26_93,HT,Genomic,iAD-D,36,12,CCAGTTCA,AGGTCAGA,,,2.98
,POP25-28,HS50SE,5,POP26_94,HT,Genomic,iAD-D,44,12,CTGAGCCA,AGGTCAGA,,,2.98
,POP25-28,HS50SE,5,POP26_95,HT,Genomic,iAD-D,52,12,GCTAACGA,AGGTCAGA,,,2.98
,POP25-28,HS50SE,5,POP26_96,HT,Genomic,iAD-D,60,12,TAGGATGA,AGGTCAGA,,,2.98
,POP25-28,HS50SE,5,POP27_01,HT,Genomic,iAD-D,5,1,ACCACTGT,TCAGGAAC,,,2.98
,POP25-28,HS50SE,5,POP270_2,HT,Genomic,iAD-D,13,1,AACAACCA,TCAGGAAC,,,2.98
,POP25-28,HS50SE,5,POP27_03,HT,Genomic,iAD-D,21,1,ACGCTCGA,TCAGGAAC,,,2.98
,POP25-28,HS50SE,5,POP27_04,HT,Genomic,iAD-D,29,1,ATTGAGGA,TCAGGAAC,,,2.98
,POP25-28,HS50SE,5,POP27_05,HT,Genomic,iAD-D,37,1,CCGAAGTA,TCAGGAAC,,,2.98
,POP25-28,HS50SE,5,POP27_06,HT,Genomic,iAD-D,45,1,CTGGCATA,TCAGGAAC,,,2.98
,POP25-28,HS50SE,5,POP27_07,HT,Genomic,iAD-D,53,1,GCTCGGTA,TCAGGAAC,,,2.98
,POP25-28,HS50SE,5,POP27_08,HT,Genomic,iAD-D,61,1,TATCAGCA,TCAGGAAC,,,2.98
,POP25-28,HS50SE,5,POP27_09,HT,Genomic,iAD-D,5,2,ACCACTGT,TAGACCCA,,,2.98
,POP25-28,HS50SE,5,POP27_10,HT,Genomic,iAD-D,13,2,AACAACCA,TAGACCCA,,,2.98
,POP25-28,HS50SE,5,POP27_11,HT,Genomic,iAD-D,21,2,ACGCTCGA,TAGACCCA,,,2.98
,POP25-28,HS50SE,5,POP27_12,HT,Genomic,iAD-D,29,2,ATTGAGGA,TAGACCCA,,,2.98
,POP25-28,HS50SE,5,POP27_13,HT,Genomic,iAD-D,37,2,CCGAAGTA,TAGACCCA,,,2.98
,POP25-28,HS50SE,5,POP27_14,HT,Genomic,iAD-D,45,2,CTGGCATA,TAGACCCA,,,2.98
,POP25-28,HS50SE,5,POP27_15,HT,Genomic,iAD-D,53,2,GCTCGGTA,TAGACCCA,,,2.98
,POP25-28,HS50SE,5,POP27_16,HT,Genomic,iAD-D,61,2,TATCAGCA,TAGACCCA,,,2.98
,POP25-28,HS50SE,5,POP27_17,HT,Genomic,iAD-D,5,3,ACCACTGT,GTAACCTT,,,2.98
,POP25-28,HS50SE,5,POP27_18,HT,Genomic,iAD-D,13,3,AACAACCA,GTAACCTT,,,2.98
,POP25-28,HS50SE,5,POP27_19,HT,Genomic,iAD-D,21,3,ACGCTCGA,GTAACCTT,,,2.98
,POP25-28,HS50SE,5,POP27_20,HT,Genomic,iAD-D,29,3,ATTGAGGA,GTAACCTT,,,2.98
,POP25-28,HS50SE,5,POP27_21,HT,Genomic,iAD-D,37,3,CCGAAGTA,GTAACCTT,,,2.98
,POP25-28,HS50SE,5,POP27_22,HT,Genomic,iAD-D,45,3,CTGGCATA,GTAACCTT,,,2.98
,POP25-28,HS50SE,5,POP27_23,HT,Genomic,iAD-D,53,3,GCTCGGTA,GTAACCTT,,,2.98
,POP25-28,HS50SE,5,POP27_24,HT,Genomic,iAD-D,61,3,TATCAGCA,GTAACCTT,,,2.98
,POP25-28,HS50SE,5,POP27_25,HT,Genomic,iAD-D,5,4,ACCACTGT,GGCCCAAA,,,2.98
,POP25-28,HS50SE,5,POP27_26,HT,Genomic,iAD-D,13,4,AACAACCA,GGCCCAAA,,,2.98
,POP25-28,HS50SE,5,POP27_27,HT,Genomic,iAD-D,21,4,ACGCTCGA,GGCCCAAA,,,2.98
,POP25-28,HS50SE,5,POP27_28,HT,Genomic,iAD-D,29,4,ATTGAGGA,GGCCCAAA,,,2.98
,POP25-28,HS50SE,5,POP27_29,HT,Genomic,iAD-D,37,4,CCGAAGTA,GGCCCAAA,,,2.98
,POP25-28,HS50SE,5,POP27_30,HT,Genomic,iAD-D,45,4,CTGGCATA,GGCCCAAA,,,2.98
,POP25-28,HS50SE,5,POP27_31,HT,Genomic,iAD-D,53,4,GCTCGGTA,GGCCCAAA,,,2.98
,POP25-28,HS50SE,5,POP27_32,HT,Genomic,iAD-D,61,4,TATCAGCA,GGCCCAAA,,,2.98
,POP25-28,HS50SE,5,POP27_33,HT,Genomic,iAD-D,5,5,ACCACTGT,GCACTGTT,,,2.98
,POP25-28,HS50SE,5,POP27_34,HT,Genomic,iAD-D,13,5,AACAACCA,GCACTGTT,,,2.98
,POP25-28,HS50SE,5,POP27_35,HT,Genomic,iAD-D,21,5,ACGCTCGA,GCACTGTT,,,2.98
,POP25-28,HS50SE,5,POP27_36,HT,Genomic,iAD-D,29,5,ATTGAGGA,GCACTGTT,,,2.98
,POP25-28,HS50SE,5,POP27_37,HT,Genomic,iAD-D,37,5,CCGAAGTA,GCACTGTT,,,2.98
,POP25-28,HS50SE,5,POP27_38,HT,Genomic,iAD-D,45,5,CTGGCATA,GCACTGTT,,,2.98
,POP25-28,HS50SE,5,POP27_39,HT,Genomic,iAD-D,53,5,GCTCGGTA,GCACTGTT,,,2.98
,POP25-28,HS50SE,5,POP27_40,HT,Genomic,iAD-D,61,5,TATCAGCA,GCACTGTT,,,2.98
,POP25-28,HS50SE,5,POP27_41,HT,Genomic,iAD-D,5,6,ACCACTGT,CAGTAGGA,,,2.98
,POP25-28,HS50SE,5,POP27_42,HT,Genomic,iAD-D,13,6,AACAACCA,CAGTAGGA,,,2.98
,POP25-28,HS50SE,5,POP27_43,HT,Genomic,iAD-D,21,6,ACGCTCGA,CAGTAGGA,,,2.98
,POP25-28,HS50SE,5,POP27_44,HT,Genomic,iAD-D,29,6,ATTGAGGA,CAGTAGGA,,,2.98
,POP25-28,HS50SE,5,POP27_45,HT,Genomic,iAD-D,37,6,CCGAAGTA,CAGTAGGA,,,2.98
,POP25-28,HS50SE,5,POP27_46,HT,Genomic,iAD-D,45,6,CTGGCATA,CAGTAGGA,,,2.98
,POP25-28,HS50SE,5,POP27_47,HT,Genomic,iAD-D,53,6,GCTCGGTA,CAGTAGGA,,,2.98
,POP25-28,HS50SE,5,POP27_48,HT,Genomic,iAD-D,61,6,TATCAGCA,CAGTAGGA,,,2.98
,POP25-28,HS50SE,5,POP27_49,HT,Genomic,iAD-D,6,7,ACATTGGC,ATTTCCTG,,,2.98
,POP25-28,HS50SE,5,POP27_50,HT,Genomic,iAD-D,14,7,AACCGAGA,ATTTCCTG,,,2.98
,POP25-28,HS50SE,5,POP27_51,HT,Genomic,iAD-D,22,7,ACGTATCA,ATTTCCTG,,,2.98
,POP25-28,HS50SE,5,POP27_52,HT,Genomic,iAD-D,30,7,CAACCACA,ATTTCCTG,,,2.98
,POP25-28,HS50SE,5,POP27_53,HT,Genomic,iAD-D,38,7,CCGTGAGA,ATTTCCTG,,,2.98
,POP25-28,HS50SE,5,POP27_54,HT,Genomic,iAD-D,46,7,GAATCTGA,ATTTCCTG,,,2.98
,POP25-28,HS50SE,5,POP27_55,HT,Genomic,iAD-D,54,7,GGAGAACA,ATTTCCTG,,,2.98
,POP25-28,HS50SE,5,POP27_56,HT,Genomic,iAD-D,62,7,TCCGTCTA,ATTTCCTG,,,2.98
,POP25-28,HS50SE,5,POP27_57,HT,Genomic,iAD-D,6,8,ACATTGGC,ATTCTAGC,,,2.98
,POP25-28,HS50SE,5,POP27_58,HT,Genomic,iAD-D,14,8,AACCGAGA,ATTCTAGC,,,2.98
,POP25-28,HS50SE,5,POP27_59,HT,Genomic,iAD-D,22,8,ACGTATCA,ATTCTAGC,,,2.98
,POP25-28,HS50SE,5,POP27_60,HT,Genomic,iAD-D,30,8,CAACCACA,ATTCTAGC,,,2.98
,POP25-28,HS50SE,5,POP27_61,HT,Genomic,iAD-D,38,8,CCGTGAGA,ATTCTAGC,,,2.98
,POP25-28,HS50SE,5,POP27_62,HT,Genomic,iAD-D,46,8,GAATCTGA,ATTCTAGC,,,2.98
,POP25-28,HS50SE,5,POP27_63,HT,Genomic,iAD-D,54,8,GGAGAACA,ATTCTAGC,,,2.98
,POP25-28,HS50SE,5,POP27_64,HT,Genomic,iAD-D,62,8,TCCGTCTA,ATTCTAGC,,,2.98
,POP25-28,HS50SE,5,POP27_65,HT,Genomic,iAD-D,6,9,ACATTGGC,TTGGTGCA,,,2.98
,POP25-28,HS50SE,5,POP27_66,HT,Genomic,iAD-D,14,9,AACCGAGA,TTGGTGCA,,,2.98
,POP25-28,HS50SE,5,POP27_67,HT,Genomic,iAD-D,22,9,ACGTATCA,TTGGTGCA,,,2.98
,POP25-28,HS50SE,5,POP27_68,HT,Genomic,iAD-D,30,9,CAACCACA,TTGGTGCA,,,2.98
,POP25-28,HS50SE,5,POP27_69,HT,Genomic,iAD-D,38,9,CCGTGAGA,TTGGTGCA,,,2.98
,POP25-28,HS50SE,5,POP27_70,HT,Genomic,iAD-D,46,9,GAATCTGA,TTGGTGCA,,,2.98
,POP25-28,HS50SE,5,POP27_71,HT,Genomic,iAD-D,54,9,GGAGAACA,TTGGTGCA,,,2.98
,POP25-28,HS50SE,5,POP27_72,HT,Genomic,iAD-D,62,9,TCCGTCTA,TTGGTGCA,,,2.98
,POP25-28,HS50SE,5,POP27_73,HT,Genomic,iAD-D,6,10,ACATTGGC,TGCGTACG,,,2.98
,POP25-28,HS50SE,5,POP27_74,HT,Genomic,iAD-D,14,10,AACCGAGA,TGCGTACG,,,2.98
,POP25-28,HS50SE,5,POP27_75,HT,Genomic,iAD-D,22,10,ACGTATCA,TGCGTACG,,,2.98
,POP25-28,HS50SE,5,POP27_76,HT,Genomic,iAD-D,30,10,CAACCACA,TGCGTACG,,,2.98
,POP25-28,HS50SE,5,POP27_77,HT,Genomic,iAD-D,38,10,CCGTGAGA,TGCGTACG,,,2.98
,POP25-28,HS50SE,5,POP27_78,HT,Genomic,iAD-D,46,10,GAATCTGA,TGCGTACG,,,2.98
,POP25-28,HS50SE,5,POP27_79,HT,Genomic,iAD-D,54,10,GGAGAACA,TGCGTACG,,,2.98
,POP25-28,HS50SE,5,POP27_80,HT,Genomic,iAD-D,62,10,TCCGTCTA,TGCGTACG,,,2.98
,POP25-28,HS50SE,5,POP27_81,HT,Genomic,iAD-D,6,11,ACATTGGC,TCGCCTTT,,,2.98
,POP25-28,HS50SE,5,POP27_82,HT,Genomic,iAD-D,14,11,AACCGAGA,TCGCCTTT,,,2.98
,POP25-28,HS50SE,5,POP27_83,HT,Genomic,iAD-D,22,11,ACGTATCA,TCGCCTTT,,,2.98
,POP25-28,HS50SE,5,POP27_84,HT,Genomic,iAD-D,30,11,CAACCACA,TCGCCTTT,,,2.98
,POP25-28,HS50SE,5,POP27_85,HT,Genomic,iAD-D,38,11,CCGTGAGA,TCGCCTTT,,,2.98
,POP25-28,HS50SE,5,POP27_86,HT,Genomic,iAD-D,46,11,GAATCTGA,TCGCCTTT,,,2.98
,POP25-28,HS50SE,5,POP27_87,HT,Genomic,iAD-D,54,11,GGAGAACA,TCGCCTTT,,,2.98
,POP25-28,HS50SE,5,POP27_88,HT,Genomic,iAD-D,62,11,TCCGTCTA,TCGCCTTT,,,2.98
,POP25-28,HS50SE,5,POP27_89,HT,Genomic,iAD-D,6,12,ACATTGGC,AGGTCAGA,,,2.98
,POP25-28,HS50SE,5,POP27_90,HT,Genomic,iAD-D,14,12,AACCGAGA,AGGTCAGA,,,2.98
,POP25-28,HS50SE,5,POP27_91,HT,Genomic,iAD-D,22,12,ACGTATCA,AGGTCAGA,,,2.98
,POP25-28,HS50SE,5,POP27_92,HT,Genomic,iAD-D,30,12,CAACCACA,AGGTCAGA,,,2.98
,POP25-28,HS50SE,5,POP27_93,HT,Genomic,iAD-D,38,12,CCGTGAGA,AGGTCAGA,,,2.98
,POP25-28,HS50SE,5,POP27_94,HT,Genomic,iAD-D,46,12,GAATCTGA,AGGTCAGA,,,2.98
,POP25-28,HS50SE,5,POP27_95,HT,Genomic,iAD-D,54,12,GGAGAACA,AGGTCAGA,,,2.98
,POP25-28,HS50SE,5,POP27_96,HT,Genomic,iAD-D,62,12,TCCGTCTA,AGGTCAGA,,,2.98
,POP25-28,HS50SE,5,POP28_01,HT,Genomic,iAD-D,7,1,CAGATCTG,TCAGGAAC,,,2.98
,POP25-28,HS50SE,5,POP28_02,HT,Genomic,iAD-D,15,1,AACGCTTA,TCAGGAAC,,,2.98
,POP25-28,HS50SE,5,POP28_03,HT,Genomic,iAD-D,23,1,ACTATGCA,TCAGGAAC,,,2.98
,POP25-28,HS50SE,5,POP28_04,HT,Genomic,iAD-D,31,1,CAAGACTA,TCAGGAAC,,,2.98
,POP25-28,HS50SE,5,POP28_05,HT,Genomic,iAD-D,39,1,CCTCCTGA,TCAGGAAC,,,2.98
,POP25-28,HS50SE,5,POP28_06,HT,Genomic,iAD-D,47,1,GACTAGTA,TCAGGAAC,,,2.98
,POP25-28,HS50SE,5,POP28_07,HT,Genomic,iAD-D,55,1,GGTGCGAA,TCAGGAAC,,,2.98
,POP25-28,HS50SE,5,POP28_08,HT,Genomic,iAD-D,63,1,TCTTCACA,TCAGGAAC,,,2.98
,POP25-28,HS50SE,5,POP28_09,HT,Genomic,iAD-D,7,2,CAGATCTG,TAGACCCA,,,2.98
,POP25-28,HS50SE,5,POP28_10,HT,Genomic,iAD-D,15,2,AACGCTTA,TAGACCCA,,,2.98
,POP25-28,HS50SE,5,POP28_11,HT,Genomic,iAD-D,23,2,ACTATGCA,TAGACCCA,,,2.98
,POP25-28,HS50SE,5,POP28_12,HT,Genomic,iAD-D,31,2,CAAGACTA,TAGACCCA,,,2.98
,POP25-28,HS50SE,5,POP28_13,HT,Genomic,iAD-D,39,2,CCTCCTGA,TAGACCCA,,,2.98
,POP25-28,HS50SE,5,POP28_14,HT,Genomic,iAD-D,47,2,GACTAGTA,TAGACCCA,,,2.98
,POP25-28,HS50SE,5,POP28_15,HT,Genomic,iAD-D,55,2,GGTGCGAA,TAGACCCA,,,2.98
,POP25-28,HS50SE,5,POP28_16,HT,Genomic,iAD-D,63,2,TCTTCACA,TAGACCCA,,,2.98
,POP25-28,HS50SE,5,POP28_17,HT,Genomic,iAD-D,7,3,CAGATCTG,GTAACCTT,,,2.98
,POP25-28,HS50SE,5,POP28_18,HT,Genomic,iAD-D,15,3,AACGCTTA,GTAACCTT,,,2.98
,POP25-28,HS50SE,5,POP28_19,HT,Genomic,iAD-D,23,3,ACTATGCA,GTAACCTT,,,2.98
,POP25-28,HS50SE,5,POP28_20,HT,Genomic,iAD-D,31,3,CAAGACTA,GTAACCTT,,,2.98
,POP25-28,HS50SE,5,POP28_21,HT,Genomic,iAD-D,39,3,CCTCCTGA,GTAACCTT,,,2.98
,POP25-28,HS50SE,5,POP28_22,HT,Genomic,iAD-D,47,3,GACTAGTA,GTAACCTT,,,2.98
,POP25-28,HS50SE,5,POP28_23,HT,Genomic,iAD-D,55,3,GGTGCGAA,GTAACCTT,,,2.98
,POP25-28,HS50SE,5,POP28_24,HT,Genomic,iAD-D,63,3,TCTTCACA,GTAACCTT,,,2.98
,POP25-28,HS50SE,5,POP28_25,HT,Genomic,iAD-D,7,4,CAGATCTG,GGCCCAAA,,,2.98
,POP25-28,HS50SE,5,POP28_26,HT,Genomic,iAD-D,15,4,AACGCTTA,GGCCCAAA,,,2.98
,POP25-28,HS50SE,5,POP28_27,HT,Genomic,iAD-D,23,4,ACTATGCA,GGCCCAAA,,,2.98
,POP25-28,HS50SE,5,POP28_28,HT,Genomic,iAD-D,31,4,CAAGACTA,GGCCCAAA,,,2.98
,POP25-28,HS50SE,5,POP28_29,HT,Genomic,iAD-D,39,4,CCTCCTGA,GGCCCAAA,,,2.98
,POP25-28,HS50SE,5,POP28_30,HT,Genomic,iAD-D,47,4,GACTAGTA,GGCCCAAA,,,2.98
,POP25-28,HS50SE,5,POP28_31,HT,Genomic,iAD-D,55,4,GGTGCGAA,GGCCCAAA,,,2.98
,POP25-28,HS50SE,5,POP28_32,HT,Genomic,iAD-D,63,4,TCTTCACA,GGCCCAAA,,,2.98
,POP25-28,HS50SE,5,POP28_33,HT,Genomic,iAD-D,7,5,CAGATCTG,GCACTGTT,,,2.98
,POP25-28,HS50SE,5,POP28_34,HT,Genomic,iAD-D,15,5,AACGCTTA,GCACTGTT,,,2.98
,POP25-28,HS50SE,5,POP28_35,HT,Genomic,iAD-D,23,5,ACTATGCA,GCACTGTT,,,2.98
,POP25-28,HS50SE,5,POP28_36,HT,Genomic,iAD-D,31,5,CAAGACTA,GCACTGTT,,,2.98
,POP25-28,HS50SE,5,POP28_37,HT,Genomic,iAD-D,39,5,CCTCCTGA,GCACTGTT,,,2.98
,POP25-28,HS50SE,5,POP28_38,HT,Genomic,iAD-D,47,5,GACTAGTA,GCACTGTT,,,2.98
,POP25-28,HS50SE,5,POP28_39,HT,Genomic,iAD-D,55,5,GGTGCGAA,GCACTGTT,,,2.98
,POP25-28,HS50SE,5,POP28_40,HT,Genomic,iAD-D,63,5,TCTTCACA,GCACTGTT,,,2.98
,POP25-28,HS50SE,5,POP28_41,HT,Genomic,iAD-D,7,6,CAGATCTG,CAGTAGGA,,,2.98
,POP25-28,HS50SE,5,POP28_42,HT,Genomic,iAD-D,15,6,AACGCTTA,CAGTAGGA,,,2.98
,POP25-28,HS50SE,5,POP28_43,HT,Genomic,iAD-D,23,6,ACTATGCA,CAGTAGGA,,,2.98
,POP25-28,HS50SE,5,POP28_44,HT,Genomic,iAD-D,31,6,CAAGACTA,CAGTAGGA,,,2.98
,POP25-28,HS50SE,5,POP28_45,HT,Genomic,iAD-D,39,6,CCTCCTGA,CAGTAGGA,,,2.98
,POP25-28,HS50SE,5,POP28_46,HT,Genomic,iAD-D,47,6,GACTAGTA,CAGTAGGA,,,2.98
,POP25-28,HS50SE,5,POP28_47,HT,Genomic,iAD-D,55,6,GGTGCGAA,CAGTAGGA,,,2.98
,POP25-28,HS50SE,5,POP28_48,HT,Genomic,iAD-D,63,6,TCTTCACA,CAGTAGGA,,,2.98
,POP25-28,HS50SE,5,Han1,HT,Genomic,iAD-D,48,12,GAGCTGAA,AGGTCAGA,,,
,POP25-28,HS50SE,5,Han2,HT,Genomic,iAD-D,88,12,CCTCTATC,AGGTCAGA,,,
,POP25-28,HS50SE,5,Han3,HT,Genomic,iAD-D,64,12,TGAAGAGA,AGGTCAGA,,,
,POP28-31,HS50SE,5,POP28_49,HT,Genomic,iAD-D,8,7,CATCAAGT,ATTTCCTG,,,2.98
,POP28-31,HS50SE,5,POP28_50,HT,Genomic,iAD-D,16,7,AAGACGGA,ATTTCCTG,,,2.98
,POP28-31,HS50SE,5,POP28_51,HT,Genomic,iAD-D,24,7,AGAGTCAA,ATTTCCTG,,,2.98
,POP28-31,HS50SE,5,POP28_52,HT,Genomic,iAD-D,32,7,CAATGGAA,ATTTCCTG,,,2.98
,POP28-31,HS50SE,5,POP28_53,HT,Genomic,iAD-D,40,7,CGAACTTA,ATTTCCTG,,,2.98
,POP28-31,HS50SE,5,POP28_54,HT,Genomic,iAD-D,48,7,GAGCTGAA,ATTTCCTG,,,2.98
,POP28-31,HS50SE,5,POP28_55,HT,Genomic,iAD-D,88,7,CCTCTATC,ATTTCCTG,,,2.98
,POP28-31,HS50SE,5,POP28_56,HT,Genomic,iAD-D,64,7,TGAAGAGA,ATTTCCTG,,,2.98
,POP28-31,HS50SE,5,POP28_57,HT,Genomic,iAD-D,8,8,CATCAAGT,ATTCTAGC,,,2.98
,POP28-31,HS50SE,5,POP28_58,HT,Genomic,iAD-D,16,8,AAGACGGA,ATTCTAGC,,,2.98
,POP28-31,HS50SE,5,POP28_59,HT,Genomic,iAD-D,24,8,AGAGTCAA,ATTCTAGC,,,2.98
,POP28-31,HS50SE,5,POP28_60,HT,Genomic,iAD-D,32,8,CAATGGAA,ATTCTAGC,,,2.98
,POP28-31,HS50SE,5,POP28_61,HT,Genomic,iAD-D,40,8,CGAACTTA,ATTCTAGC,,,2.98
,POP28-31,HS50SE,5,POP28_62,HT,Genomic,iAD-D,48,8,GAGCTGAA,ATTCTAGC,,,2.98
,POP28-31,HS50SE,5,POP28_63,HT,Genomic,iAD-D,88,8,CCTCTATC,ATTCTAGC,,,2.98
,POP28-31,HS50SE,5,POP28_64,HT,Genomic,iAD-D,64,8,TGAAGAGA,ATTCTAGC,,,2.98
,POP28-31,HS50SE,5,POP28_65,HT,Genomic,iAD-D,8,9,CATCAAGT,TTGGTGCA,,,2.98
,POP28-31,HS50SE,5,POP28_66,HT,Genomic,iAD-D,16,9,AAGACGGA,TTGGTGCA,,,2.98
,POP28-31,HS50SE,5,POP28_67,HT,Genomic,iAD-D,24,9,AGAGTCAA,TTGGTGCA,,,2.98
,POP28-31,HS50SE,5,POP28_68,HT,Genomic,iAD-D,32,9,CAATGGAA,TTGGTGCA,,,2.98
,POP28-31,HS50SE,5,POP28_69,HT,Genomic,iAD-D,40,9,CGAACTTA,TTGGTGCA,,,2.98
,POP28-31,HS50SE,5,POP28_70,HT,Genomic,iAD-D,48,9,GAGCTGAA,TTGGTGCA,,,2.98
,POP28-31,HS50SE,5,POP28_71,HT,Genomic,iAD-D,88,9,CCTCTATC,TTGGTGCA,,,2.98
,POP28-31,HS50SE,5,POP28_72,HT,Genomic,iAD-D,64,9,TGAAGAGA,TTGGTGCA,,,2.98
,POP28-31,HS50SE,5,POP28_73,HT,Genomic,iAD-D,8,10,CATCAAGT,TGCGTACG,,,2.98
,POP28-31,HS50SE,5,POP28_74,HT,Genomic,iAD-D,16,10,AAGACGGA,TGCGTACG,,,2.98
,POP28-31,HS50SE,5,POP28_75,HT,Genomic,iAD-D,24,10,AGAGTCAA,TGCGTACG,,,2.98
,POP28-31,HS50SE,5,POP28_76,HT,Genomic,iAD-D,32,10,CAATGGAA,TGCGTACG,,,2.98
,POP28-31,HS50SE,5,POP28_77,HT,Genomic,iAD-D,40,10,CGAACTTA,TGCGTACG,,,2.98
,POP28-31,HS50SE,5,POP28_78,HT,Genomic,iAD-D,48,10,GAGCTGAA,TGCGTACG,,,2.98
,POP28-31,HS50SE,5,POP28_79,HT,Genomic,iAD-D,88,10,CCTCTATC,TGCGTACG,,,2.98
,POP28-31,HS50SE,5,POP28_80,HT,Genomic,iAD-D,64,10,TGAAGAGA,TGCGTACG,,,2.98
,POP28-31,HS50SE,5,POP28_81,HT,Genomic,iAD-D,8,11,CATCAAGT,TCGCCTTT,,,2.98
,POP28-31,HS50SE,5,POP28_82,HT,Genomic,iAD-D,16,11,AAGACGGA,TCGCCTTT,,,2.98
,POP28-31,HS50SE,5,POP28_83,HT,Genomic,iAD-D,24,11,AGAGTCAA,TCGCCTTT,,,2.98
,POP28-31,HS50SE,5,POP28_84,HT,Genomic,iAD-D,32,11,CAATGGAA,TCGCCTTT,,,2.98
,POP28-31,HS50SE,5,POP28_85,HT,Genomic,iAD-D,40,11,CGAACTTA,TCGCCTTT,,,2.98
,POP28-31,HS50SE,5,POP28_86,HT,Genomic,iAD-D,48,11,GAGCTGAA,TCGCCTTT,,,2.98
,POP28-31,HS50SE,5,POP28_87,HT,Genomic,iAD-D,88,11,CCTCTATC,TCGCCTTT,,,2.98
,POP28-31,HS50SE,5,POP28_88,HT,Genomic,iAD-D,64,11,TGAAGAGA,TCGCCTTT,,,2.98
,POP28-31,HS50SE,5,POP28_89,HT,Genomic,iAD-D,8,12,CATCAAGT,AGGTCAGA,,,2.98
,POP28-31,HS50SE,5,POP28_90,HT,Genomic,iAD-D,16,12,AAGACGGA,AGGTCAGA,,,2.98
,POP28-31,HS50SE,5,POP28_91,HT,Genomic,iAD-D,24,12,AGAGTCAA,AGGTCAGA,,,2.98
,POP28-31,HS50SE,5,POP28_92,HT,Genomic,iAD-D,32,12,CAATGGAA,AGGTCAGA,,,2.98
,POP28-31,HS50SE,5,POP28_93,HT,Genomic,iAD-D,40,12,CGAACTTA,AGGTCAGA,,,2.98
,POP28-31,HS50SE,5,POP28_94,HT,Genomic,iAD-D,48,12,GAGCTGAA,AGGTCAGA,,,2.98
,POP28-31,HS50SE,5,POP28_95,HT,Genomic,iAD-D,88,12,CCTCTATC,AGGTCAGA,,,2.98
,POP28-31,HS50SE,5,POP28_96,HT,Genomic,iAD-D,64,12,TGAAGAGA,AGGTCAGA,,,2.98
,POP28-31,HS50SE,5,POP29_01,HT,Genomic,iAD-D,1,1,AACGTGAT,TCAGGAAC,,,2.98
,POP28-31,HS50SE,5,POP29_02,HT,Genomic,iAD-D,9,1,CGCTGATC,TCAGGAAC,,,2.98
,POP28-31,HS50SE,5,POP29_03,HT,Genomic,iAD-D,17,1,AAGGTACA,TCAGGAAC,,,2.98
,POP28-31,HS50SE,5,POP29_04,HT,Genomic,iAD-D,25,1,AGATCGCA,TCAGGAAC,,,2.98
,POP28-31,HS50SE,5,POP29_05,HT,Genomic,iAD-D,33,1,CACTTCGA,TCAGGAAC,,,2.98
,POP28-31,HS50SE,5,POP29_06,HT,Genomic,iAD-D,41,1,CGACTGGA,TCAGGAAC,,,2.98
,POP28-31,HS50SE,5,POP29_07,HT,Genomic,iAD-D,49,1,GATAGACA,TCAGGAAC,,,2.98
,POP28-31,HS50SE,5,POP29_08,HT,Genomic,iAD-D,57,1,GTCGTAGA,TCAGGAAC,,,2.98
,POP28-31,HS50SE,5,POP29_09,HT,Genomic,iAD-D,1,2,AACGTGAT,TAGACCCA,,,2.98
,POP28-31,HS50SE,5,POP29_10,HT,Genomic,iAD-D,9,2,CGCTGATC,TAGACCCA,,,2.98
,POP28-31,HS50SE,5,POP29_11,HT,Genomic,iAD-D,17,2,AAGGTACA,TAGACCCA,,,2.98
,POP28-31,HS50SE,5,POP29_12,HT,Genomic,iAD-D,25,2,AGATCGCA,TAGACCCA,,,2.98
,POP28-31,HS50SE,5,POP29_13,HT,Genomic,iAD-D,33,2,CACTTCGA,TAGACCCA,,,2.98
,POP28-31,HS50SE,5,POP29_14,HT,Genomic,iAD-D,41,2,CGACTGGA,TAGACCCA,,,2.98
,POP28-31,HS50SE,5,POP29_15,HT,Genomic,iAD-D,49,2,GATAGACA,TAGACCCA,,,2.98
,POP28-31,HS50SE,5,POP29_16,HT,Genomic,iAD-D,57,2,GTCGTAGA,TAGACCCA,,,2.98
,POP28-31,HS50SE,5,POP29_17,HT,Genomic,iAD-D,1,3,AACGTGAT,GTAACCTT,,,2.98
,POP28-31,HS50SE,5,POP29_18,HT,Genomic,iAD-D,9,3,CGCTGATC,GTAACCTT,,,2.98
,POP28-31,HS50SE,5,POP29_19,HT,Genomic,iAD-D,17,3,AAGGTACA,GTAACCTT,,,2.98
,POP28-31,HS50SE,5,POP29_20,HT,Genomic,iAD-D,25,3,AGATCGCA,GTAACCTT,,,2.98
,POP28-31,HS50SE,5,POP29_21,HT,Genomic,iAD-D,33,3,CACTTCGA,GTAACCTT,,,2.98
,POP28-31,HS50SE,5,POP29_22,HT,Genomic,iAD-D,41,3,CGACTGGA,GTAACCTT,,,2.98
,POP28-31,HS50SE,5,POP29_23,HT,Genomic,iAD-D,49,3,GATAGACA,GTAACCTT,,,2.98
,POP28-31,HS50SE,5,POP29_24,HT,Genomic,iAD-D,57,3,GTCGTAGA,GTAACCTT,,,2.98
,POP28-31,HS50SE,5,POP29_25,HT,Genomic,iAD-D,1,4,AACGTGAT,GGCCCAAA,,,2.98
,POP28-31,HS50SE,5,POP29_26,HT,Genomic,iAD-D,9,4,CGCTGATC,GGCCCAAA,,,2.98
,POP28-31,HS50SE,5,POP29_27,HT,Genomic,iAD-D,17,4,AAGGTACA,GGCCCAAA,,,2.98
,POP28-31,HS50SE,5,POP29_28,HT,Genomic,iAD-D,25,4,AGATCGCA,GGCCCAAA,,,2.98
,POP28-31,HS50SE,5,POP29_29,HT,Genomic,iAD-D,33,4,CACTTCGA,GGCCCAAA,,,2.98
,POP28-31,HS50SE,5,POP29_30,HT,Genomic,iAD-D,41,4,CGACTGGA,GGCCCAAA,,,2.98
,POP28-31,HS50SE,5,POP29_31,HT,Genomic,iAD-D,49,4,GATAGACA,GGCCCAAA,,,2.98
,POP28-31,HS50SE,5,POP29_32,HT,Genomic,iAD-D,57,4,GTCGTAGA,GGCCCAAA,,,2.98
,POP28-31,HS50SE,5,POP29_33,HT,Genomic,iAD-D,1,5,AACGTGAT,GCACTGTT,,,2.98
,POP28-31,HS50SE,5,POP29_34,HT,Genomic,iAD-D,9,5,CGCTGATC,GCACTGTT,,,2.98
,POP28-31,HS50SE,5,POP29_35,HT,Genomic,iAD-D,17,5,AAGGTACA,GCACTGTT,,,2.98
,POP28-31,HS50SE,5,POP29_36,HT,Genomic,iAD-D,25,5,AGATCGCA,GCACTGTT,,,2.98
,POP28-31,HS50SE,5,POP29_37,HT,Genomic,iAD-D,33,5,CACTTCGA,GCACTGTT,,,2.98
,POP28-31,HS50SE,5,POP29_38,HT,Genomic,iAD-D,41,5,CGACTGGA,GCACTGTT,,,2.98
,POP28-31,HS50SE,5,POP29_39,HT,Genomic,iAD-D,49,5,GATAGACA,GCACTGTT,,,2.98
,POP28-31,HS50SE,5,POP29_40,HT,Genomic,iAD-D,57,5,GTCGTAGA,GCACTGTT,,,2.98
,POP28-31,HS50SE,5,POP29_41,HT,Genomic,iAD-D,1,6,AACGTGAT,CAGTAGGA,,,2.98
,POP28-31,HS50SE,5,POP29_42,HT,Genomic,iAD-D,9,6,CGCTGATC,CAGTAGGA,,,2.98
,POP28-31,HS50SE,5,POP29_43,HT,Genomic,iAD-D,17,6,AAGGTACA,CAGTAGGA,,,2.98
,POP28-31,HS50SE,5,POP29_44,HT,Genomic,iAD-D,25,6,AGATCGCA,CAGTAGGA,,,2.98
,POP28-31,HS50SE,5,POP29_45,HT,Genomic,iAD-D,33,6,CACTTCGA,CAGTAGGA,,,2.98
,POP28-31,HS50SE,5,POP29_46,HT,Genomic,iAD-D,41,6,CGACTGGA,CAGTAGGA,,,2.98
,POP28-31,HS50SE,5,POP29_47,HT,Genomic,iAD-D,49,6,GATAGACA,CAGTAGGA,,,2.98
,POP28-31,HS50SE,5,POP29_48,HT,Genomic,iAD-D,57,6,GTCGTAGA,CAGTAGGA,,,2.98
,POP28-31,HS50SE,5,POP29_49,HT,Genomic,iAD-D,2,7,AAACATCG,ATTTCCTG,,,2.98
,POP28-31,HS50SE,5,POP29_50,HT,Genomic,iAD-D,10,7,ACAAGCTA,ATTTCCTG,,,2.98
,POP28-31,HS50SE,5,POP29_51,HT,Genomic,iAD-D,18,7,ACACAGAA,ATTTCCTG,,,2.98
,POP28-31,HS50SE,5,POP29_52,HT,Genomic,iAD-D,26,7,AGCAGGAA,ATTTCCTG,,,2.98
,POP28-31,HS50SE,5,POP29_53,HT,Genomic,iAD-D,34,7,CAGCGTTA,ATTTCCTG,,,2.98
,POP28-31,HS50SE,5,POP29_54,HT,Genomic,iAD-D,42,7,CGCATACA,ATTTCCTG,,,2.98
,POP28-31,HS50SE,5,POP29_55,HT,Genomic,iAD-D,50,7,GCCACATA,ATTTCCTG,,,2.98
,POP28-31,HS50SE,5,POP29_56,HT,Genomic,iAD-D,58,7,GTCTGTCA,ATTTCCTG,,,2.98
,POP28-31,HS50SE,5,POP29_57,HT,Genomic,iAD-D,2,8,AAACATCG,ATTCTAGC,,,2.98
,POP28-31,HS50SE,5,POP29_58,HT,Genomic,iAD-D,10,8,ACAAGCTA,ATTCTAGC,,,2.98
,POP28-31,HS50SE,5,POP29_59,HT,Genomic,iAD-D,18,8,ACACAGAA,ATTCTAGC,,,2.98
,POP28-31,HS50SE,5,POP29_60,HT,Genomic,iAD-D,26,8,AGCAGGAA,ATTCTAGC,,,2.98
,POP28-31,HS50SE,5,POP29_61,HT,Genomic,iAD-D,34,8,CAGCGTTA,ATTCTAGC,,,2.98
,POP28-31,HS50SE,5,POP29_62,HT,Genomic,iAD-D,42,8,CGCATACA,ATTCTAGC,,,2.98
,POP28-31,HS50SE,5,POP29_63,HT,Genomic,iAD-D,50,8,GCCACATA,ATTCTAGC,,,2.98
,POP28-31,HS50SE,5,POP29_64,HT,Genomic,iAD-D,58,8,GTCTGTCA,ATTCTAGC,,,2.98
,POP28-31,HS50SE,5,POP29_65,HT,Genomic,iAD-D,2,9,AAACATCG,TTGGTGCA,,,2.98
,POP28-31,HS50SE,5,POP29_66,HT,Genomic,iAD-D,10,9,ACAAGCTA,TTGGTGCA,,,2.98
,POP28-31,HS50SE,5,POP29_67,HT,Genomic,iAD-D,18,9,ACACAGAA,TTGGTGCA,,,2.98
,POP28-31,HS50SE,5,POP29_68,HT,Genomic,iAD-D,26,9,AGCAGGAA,TTGGTGCA,,,2.98
,POP28-31,HS50SE,5,POP29_69,HT,Genomic,iAD-D,34,9,CAGCGTTA,TTGGTGCA,,,2.98
,POP28-31,HS50SE,5,POP29_70,HT,Genomic,iAD-D,42,9,CGCATACA,TTGGTGCA,,,2.98
,POP28-31,HS50SE,5,POP29_71,HT,Genomic,iAD-D,50,9,GCCACATA,TTGGTGCA,,,2.98
,POP28-31,HS50SE,5,POP29_72,HT,Genomic,iAD-D,58,9,GTCTGTCA,TTGGTGCA,,,2.98
,POP28-31,HS50SE,5,POP29_73,HT,Genomic,iAD-D,2,10,AAACATCG,TGCGTACG,,,2.98
,POP28-31,HS50SE,5,POP29_74,HT,Genomic,iAD-D,10,10,ACAAGCTA,TGCGTACG,,,2.98
,POP28-31,HS50SE,5,POP29_75,HT,Genomic,iAD-D,18,10,ACACAGAA,TGCGTACG,,,2.98
,POP28-31,HS50SE,5,POP29_76,HT,Genomic,iAD-D,26,10,AGCAGGAA,TGCGTACG,,,2.98
,POP28-31,HS50SE,5,POP29_77,HT,Genomic,iAD-D,34,10,CAGCGTTA,TGCGTACG,,,2.98
,POP28-31,HS50SE,5,POP29_78,HT,Genomic,iAD-D,42,10,CGCATACA,TGCGTACG,,,2.98
,POP28-31,HS50SE,5,POP29_79,HT,Genomic,iAD-D,50,10,GCCACATA,TGCGTACG,,,2.98
,POP28-31,HS50SE,5,POP29_80,HT,Genomic,iAD-D,58,10,GTCTGTCA,TGCGTACG,,,2.98
,POP28-31,HS50SE,5,POP29_81,HT,Genomic,iAD-D,2,11,AAACATCG,TCGCCTTT,,,2.98
,POP28-31,HS50SE,5,POP29_82,HT,Genomic,iAD-D,10,11,ACAAGCTA,TCGCCTTT,,,2.98
,POP28-31,HS50SE,5,POP29_83,HT,Genomic,iAD-D,18,11,ACACAGAA,TCGCCTTT,,,2.98
,POP28-31,HS50SE,5,POP29_84,HT,Genomic,iAD-D,26,11,AGCAGGAA,TCGCCTTT,,,2.98
,POP28-31,HS50SE,5,POP29_85,HT,Genomic,iAD-D,34,11,CAGCGTTA,TCGCCTTT,,,2.98
,POP28-31,HS50SE,5,POP29_86,HT,Genomic,iAD-D,42,11,CGCATACA,TCGCCTTT,,,2.98
,POP28-31,HS50SE,5,POP29_87,HT,Genomic,iAD-D,50,11,GCCACATA,TCGCCTTT,,,2.98
,POP28-31,HS50SE,5,POP29_88,HT,Genomic,iAD-D,58,11,GTCTGTCA,TCGCCTTT,,,2.98
,POP28-31,HS50SE,5,POP29_89,HT,Genomic,iAD-D,2,12,AAACATCG,AGGTCAGA,,,2.98
,POP28-31,HS50SE,5,POP29_90,HT,Genomic,iAD-D,10,12,ACAAGCTA,AGGTCAGA,,,2.98
,POP28-31,HS50SE,5,POP29_91,HT,Genomic,iAD-D,18,12,ACACAGAA,AGGTCAGA,,,2.98
,POP28-31,HS50SE,5,POP29_92,HT,Genomic,iAD-D,26,12,AGCAGGAA,AGGTCAGA,,,2.98
,POP28-31,HS50SE,5,POP29_93,HT,Genomic,iAD-D,34,12,CAGCGTTA,AGGTCAGA,,,2.98
,POP28-31,HS50SE,5,POP29_94,HT,Genomic,iAD-D,42,12,CGCATACA,AGGTCAGA,,,2.98
,POP28-31,HS50SE,5,POP29_95,HT,Genomic,iAD-D,50,12,GCCACATA,AGGTCAGA,,,2.98
,POP28-31,HS50SE,5,POP29_96,HT,Genomic,iAD-D,58,12,GTCTGTCA,AGGTCAGA,,,2.98
,POP28-31,HS50SE,5,POP30_01,HT,Genomic,iAD-D,3,1,ATGCCTAA,TCAGGAAC,,,2.98
,POP28-31,HS50SE,5,POP30_02,HT,Genomic,iAD-D,11,1,CTGTAGCC,TCAGGAAC,,,2.98
,POP28-31,HS50SE,5,POP30_03,HT,Genomic,iAD-D,19,1,ACAGCAGA,TCAGGAAC,,,2.98
,POP28-31,HS50SE,5,POP30_04,HT,Genomic,iAD-D,27,1,AGTCACTA,TCAGGAAC,,,2.98
,POP28-31,HS50SE,5,POP30_05,HT,Genomic,iAD-D,35,1,CATACCAA,TCAGGAAC,,,2.98
,POP28-31,HS50SE,5,POP30_06,HT,Genomic,iAD-D,89,1,CGACACAC,TCAGGAAC,,,2.98
,POP28-31,HS50SE,5,POP30_07,HT,Genomic,iAD-D,51,1,GCGAGTAA,TCAGGAAC,,,2.98
,POP28-31,HS50SE,5,POP30_08,HT,Genomic,iAD-D,59,1,GTGTTCTA,TCAGGAAC,,,2.98
,POP28-31,HS50SE,5,POP30_09,HT,Genomic,iAD-D,3,2,ATGCCTAA,TAGACCCA,,,2.98
,POP28-31,HS50SE,5,POP30_10,HT,Genomic,iAD-D,11,2,CTGTAGCC,TAGACCCA,,,2.98
,POP28-31,HS50SE,5,POP30_11,HT,Genomic,iAD-D,19,2,ACAGCAGA,TAGACCCA,,,2.98
,POP28-31,HS50SE,5,POP30_12,HT,Genomic,iAD-D,27,2,AGTCACTA,TAGACCCA,,,2.98
,POP28-31,HS50SE,5,POP30_13,HT,Genomic,iAD-D,35,2,CATACCAA,TAGACCCA,,,2.98
,POP28-31,HS50SE,5,POP30_14,HT,Genomic,iAD-D,89,2,CGACACAC,TAGACCCA,,,2.98
,POP28-31,HS50SE,5,POP30_15,HT,Genomic,iAD-D,51,2,GCGAGTAA,TAGACCCA,,,2.98
,POP28-31,HS50SE,5,POP30_16,HT,Genomic,iAD-D,59,2,GTGTTCTA,TAGACCCA,,,2.98
,POP28-31,HS50SE,5,POP30_17,HT,Genomic,iAD-D,3,3,ATGCCTAA,GTAACCTT,,,2.98
,POP28-31,HS50SE,5,POP30_18,HT,Genomic,iAD-D,11,3,CTGTAGCC,GTAACCTT,,,2.98
,POP28-31,HS50SE,5,POP30_19,HT,Genomic,iAD-D,19,3,ACAGCAGA,GTAACCTT,,,2.98
,POP28-31,HS50SE,5,POP30_20,HT,Genomic,iAD-D,27,3,AGTCACTA,GTAACCTT,,,2.98
,POP28-31,HS50SE,5,POP30_21,HT,Genomic,iAD-D,35,3,CATACCAA,GTAACCTT,,,2.98
,POP28-31,HS50SE,5,POP30_22,HT,Genomic,iAD-D,89,3,CGACACAC,GTAACCTT,,,2.98
,POP28-31,HS50SE,5,POP30_23,HT,Genomic,iAD-D,51,3,GCGAGTAA,GTAACCTT,,,2.98
,POP28-31,HS50SE,5,POP30_24,HT,Genomic,iAD-D,59,3,GTGTTCTA,GTAACCTT,,,2.98
,POP28-31,HS50SE,5,POP30_25,HT,Genomic,iAD-D,3,4,ATGCCTAA,GGCCCAAA,,,2.98
,POP28-31,HS50SE,5,POP30_26,HT,Genomic,iAD-D,11,4,CTGTAGCC,GGCCCAAA,,,2.98
,POP28-31,HS50SE,5,POP30_27,HT,Genomic,iAD-D,19,4,ACAGCAGA,GGCCCAAA,,,2.98
,POP28-31,HS50SE,5,POP30_28,HT,Genomic,iAD-D,27,4,AGTCACTA,GGCCCAAA,,,2.98
,POP28-31,HS50SE,5,POP30_29,HT,Genomic,iAD-D,35,4,CATACCAA,GGCCCAAA,,,2.98
,POP28-31,HS50SE,5,POP30_30,HT,Genomic,iAD-D,89,4,CGACACAC,GGCCCAAA,,,2.98
,POP28-31,HS50SE,5,POP30_31,HT,Genomic,iAD-D,51,4,GCGAGTAA,GGCCCAAA,,,2.98
,POP28-31,HS50SE,5,POP30_32,HT,Genomic,iAD-D,59,4,GTGTTCTA,GGCCCAAA,,,2.98
,POP28-31,HS50SE,5,POP30_33,HT,Genomic,iAD-D,3,5,ATGCCTAA,GCACTGTT,,,2.98
,POP28-31,HS50SE,5,POP30_34,HT,Genomic,iAD-D,11,5,CTGTAGCC,GCACTGTT,,,2.98
,POP28-31,HS50SE,5,POP30_35,HT,Genomic,iAD-D,19,5,ACAGCAGA,GCACTGTT,,,2.98
,POP28-31,HS50SE,5,POP30_36,HT,Genomic,iAD-D,27,5,AGTCACTA,GCACTGTT,,,2.98
,POP28-31,HS50SE,5,POP30_37,HT,Genomic,iAD-D,35,5,CATACCAA,GCACTGTT,,,2.98
,POP28-31,HS50SE,5,POP30_38,HT,Genomic,iAD-D,89,5,CGACACAC,GCACTGTT,,,2.98
,POP28-31,HS50SE,5,POP30_39,HT,Genomic,iAD-D,51,5,GCGAGTAA,GCACTGTT,,,2.98
,POP28-31,HS50SE,5,POP30_40,HT,Genomic,iAD-D,59,5,GTGTTCTA,GCACTGTT,,,2.98
,POP28-31,HS50SE,5,POP30_41,HT,Genomic,iAD-D,3,6,ATGCCTAA,CAGTAGGA,,,2.98
,POP28-31,HS50SE,5,POP30_42,HT,Genomic,iAD-D,11,6,CTGTAGCC,CAGTAGGA,,,2.98
,POP28-31,HS50SE,5,POP30_43,HT,Genomic,iAD-D,19,6,ACAGCAGA,CAGTAGGA,,,2.98
,POP28-31,HS50SE,5,POP30_44,HT,Genomic,iAD-D,27,6,AGTCACTA,CAGTAGGA,,,2.98
,POP28-31,HS50SE,5,POP30_45,HT,Genomic,iAD-D,35,6,CATACCAA,CAGTAGGA,,,2.98
,POP28-31,HS50SE,5,POP30_46,HT,Genomic,iAD-D,89,6,CGACACAC,CAGTAGGA,,,2.98
,POP28-31,HS50SE,5,POP30_47,HT,Genomic,iAD-D,51,6,GCGAGTAA,CAGTAGGA,,,2.98
,POP28-31,HS50SE,5,POP30_48,HT,Genomic,iAD-D,59,6,GTGTTCTA,CAGTAGGA,,,2.98
,POP28-31,HS50SE,5,POP30_49,HT,Genomic,iAD-D,4,7,AGTGGTCA,ATTTCCTG,,,2.98
,POP28-31,HS50SE,5,POP30_50,HT,Genomic,iAD-D,12,7,AGTACAAG,ATTTCCTG,,,2.98
,POP28-31,HS50SE,5,POP30_51,HT,Genomic,iAD-D,20,7,ACCTCCAA,ATTTCCTG,,,2.98
,POP28-31,HS50SE,5,POP30_52,HT,Genomic,iAD-D,28,7,ATCCTGTA,ATTTCCTG,,,2.98
,POP28-31,HS50SE,5,POP30_53,HT,Genomic,iAD-D,36,7,CCAGTTCA,ATTTCCTG,,,2.98
,POP28-31,HS50SE,5,POP30_54,HT,Genomic,iAD-D,44,7,CTGAGCCA,ATTTCCTG,,,2.98
,POP28-31,HS50SE,5,POP30_55,HT,Genomic,iAD-D,52,7,GCTAACGA,ATTTCCTG,,,2.98
,POP28-31,HS50SE,5,POP30_56,HT,Genomic,iAD-D,60,7,TAGGATGA,ATTTCCTG,,,2.98
,POP28-31,HS50SE,5,POP30_57,HT,Genomic,iAD-D,4,8,AGTGGTCA,ATTCTAGC,,,2.98
,POP28-31,HS50SE,5,POP30_58,HT,Genomic,iAD-D,12,8,AGTACAAG,ATTCTAGC,,,2.98
,POP28-31,HS50SE,5,POP30_59,HT,Genomic,iAD-D,20,8,ACCTCCAA,ATTCTAGC,,,2.98
,POP28-31,HS50SE,5,POP30_60,HT,Genomic,iAD-D,28,8,ATCCTGTA,ATTCTAGC,,,2.98
,POP28-31,HS50SE,5,POP30_61,HT,Genomic,iAD-D,36,8,CCAGTTCA,ATTCTAGC,,,2.98
,POP28-31,HS50SE,5,POP30_62,HT,Genomic,iAD-D,44,8,CTGAGCCA,ATTCTAGC,,,2.98
,POP28-31,HS50SE,5,POP30_63,HT,Genomic,iAD-D,52,8,GCTAACGA,ATTCTAGC,,,2.98
,POP28-31,HS50SE,5,POP30_64,HT,Genomic,iAD-D,60,8,TAGGATGA,ATTCTAGC,,,2.98
,POP28-31,HS50SE,5,POP30_65,HT,Genomic,iAD-D,4,9,AGTGGTCA,TTGGTGCA,,,2.98
,POP28-31,HS50SE,5,POP30_66,HT,Genomic,iAD-D,12,9,AGTACAAG,TTGGTGCA,,,2.98
,POP28-31,HS50SE,5,POP30_67,HT,Genomic,iAD-D,20,9,ACCTCCAA,TTGGTGCA,,,2.98
,POP28-31,HS50SE,5,POP30_68,HT,Genomic,iAD-D,28,9,ATCCTGTA,TTGGTGCA,,,2.98
,POP28-31,HS50SE,5,POP30_69,HT,Genomic,iAD-D,36,9,CCAGTTCA,TTGGTGCA,,,2.98
,POP28-31,HS50SE,5,POP30_70,HT,Genomic,iAD-D,44,9,CTGAGCCA,TTGGTGCA,,,2.98
,POP28-31,HS50SE,5,POP30_71,HT,Genomic,iAD-D,52,9,GCTAACGA,TTGGTGCA,,,2.98
,POP28-31,HS50SE,5,POP30_72,HT,Genomic,iAD-D,60,9,TAGGATGA,TTGGTGCA,,,2.98
,POP28-31,HS50SE,5,POP30_73,HT,Genomic,iAD-D,4,10,AGTGGTCA,TGCGTACG,,,2.98
,POP28-31,HS50SE,5,POP30_74,HT,Genomic,iAD-D,12,10,AGTACAAG,TGCGTACG,,,2.98
,POP28-31,HS50SE,5,POP30_75,HT,Genomic,iAD-D,20,10,ACCTCCAA,TGCGTACG,,,2.98
,POP28-31,HS50SE,5,POP30_76,HT,Genomic,iAD-D,28,10,ATCCTGTA,TGCGTACG,,,2.98
,POP28-31,HS50SE,5,POP30_77,HT,Genomic,iAD-D,36,10,CCAGTTCA,TGCGTACG,,,2.98
,POP28-31,HS50SE,5,POP30_78,HT,Genomic,iAD-D,44,10,CTGAGCCA,TGCGTACG,,,2.98
,POP28-31,HS50SE,5,POP30_79,HT,Genomic,iAD-D,52,10,GCTAACGA,TGCGTACG,,,2.98
,POP28-31,HS50SE,5,POP30_80,HT,Genomic,iAD-D,60,10,TAGGATGA,TGCGTACG,,,2.98
,POP28-31,HS50SE,5,POP30_81,HT,Genomic,iAD-D,4,11,AGTGGTCA,TCGCCTTT,,,2.98
,POP28-31,HS50SE,5,POP30_82,HT,Genomic,iAD-D,12,11,AGTACAAG,TCGCCTTT,,,2.98
,POP28-31,HS50SE,5,POP30_83,HT,Genomic,iAD-D,20,11,ACCTCCAA,TCGCCTTT,,,2.98
,POP28-31,HS50SE,5,POP30_84,HT,Genomic,iAD-D,28,11,ATCCTGTA,TCGCCTTT,,,2.98
,POP28-31,HS50SE,5,POP30_85,HT,Genomic,iAD-D,36,11,CCAGTTCA,TCGCCTTT,,,2.98
,POP28-31,HS50SE,5,POP30_86,HT,Genomic,iAD-D,44,11,CTGAGCCA,TCGCCTTT,,,2.98
,POP28-31,HS50SE,5,POP30_87,HT,Genomic,iAD-D,52,11,GCTAACGA,TCGCCTTT,,,2.98
,POP28-31,HS50SE,5,POP30_88,HT,Genomic,iAD-D,60,11,TAGGATGA,TCGCCTTT,,,2.98
,POP28-31,HS50SE,5,POP30_89,HT,Genomic,iAD-D,4,12,AGTGGTCA,AGGTCAGA,,,2.98
,POP28-31,HS50SE,5,POP30_90,HT,Genomic,iAD-D,12,12,AGTACAAG,AGGTCAGA,,,2.98
,POP28-31,HS50SE,5,POP30_91,HT,Genomic,iAD-D,20,12,ACCTCCAA,AGGTCAGA,,,2.98
,POP28-31,HS50SE,5,POP30_92,HT,Genomic,iAD-D,28,12,ATCCTGTA,AGGTCAGA,,,2.98
,POP28-31,HS50SE,5,POP30_93,HT,Genomic,iAD-D,36,12,CCAGTTCA,AGGTCAGA,,,2.98
,POP28-31,HS50SE,5,POP30_94,HT,Genomic,iAD-D,44,12,CTGAGCCA,AGGTCAGA,,,2.98
,POP28-31,HS50SE,5,POP30_95,HT,Genomic,iAD-D,52,12,GCTAACGA,AGGTCAGA,,,2.98
,POP28-31,HS50SE,5,POP30_96,HT,Genomic,iAD-D,60,12,TAGGATGA,AGGTCAGA,,,2.98
,POP28-31,HS50SE,5,POP31_01,HT,Genomic,iAD-D,5,1,ACCACTGT,TCAGGAAC,,,2.98
,POP28-31,HS50SE,5,POP31_02,HT,Genomic,iAD-D,13,1,AACAACCA,TCAGGAAC,,,2.98
,POP28-31,HS50SE,5,POP31_03,HT,Genomic,iAD-D,21,1,ACGCTCGA,TCAGGAAC,,,2.98
,POP28-31,HS50SE,5,POP31_04,HT,Genomic,iAD-D,29,1,ATTGAGGA,TCAGGAAC,,,2.98
,POP28-31,HS50SE,5,POP31_05,HT,Genomic,iAD-D,37,1,CCGAAGTA,TCAGGAAC,,,2.98
,POP28-31,HS50SE,5,POP31_06,HT,Genomic,iAD-D,45,1,CTGGCATA,TCAGGAAC,,,2.98
,POP28-31,HS50SE,5,POP31_07,HT,Genomic,iAD-D,53,1,GCTCGGTA,TCAGGAAC,,,2.98
,POP28-31,HS50SE,5,POP31_08,HT,Genomic,iAD-D,61,1,TATCAGCA,TCAGGAAC,,,2.98
,POP28-31,HS50SE,5,POP31_09,HT,Genomic,iAD-D,5,2,ACCACTGT,TAGACCCA,,,2.98
,POP28-31,HS50SE,5,POP31_10,HT,Genomic,iAD-D,13,2,AACAACCA,TAGACCCA,,,2.98
,POP28-31,HS50SE,5,POP31_11,HT,Genomic,iAD-D,21,2,ACGCTCGA,TAGACCCA,,,2.98
,POP28-31,HS50SE,5,POP31_12,HT,Genomic,iAD-D,29,2,ATTGAGGA,TAGACCCA,,,2.98
,POP28-31,HS50SE,5,POP31_13,HT,Genomic,iAD-D,37,2,CCGAAGTA,TAGACCCA,,,2.98
,POP28-31,HS50SE,5,POP31_14,HT,Genomic,iAD-D,45,2,CTGGCATA,TAGACCCA,,,2.98
,POP28-31,HS50SE,5,POP31_15,HT,Genomic,iAD-D,53,2,GCTCGGTA,TAGACCCA,,,2.98
,POP28-31,HS50SE,5,POP31_16,HT,Genomic,iAD-D,61,2,TATCAGCA,TAGACCCA,,,2.98
,POP28-31,HS50SE,5,POP31_17,HT,Genomic,iAD-D,5,3,ACCACTGT,GTAACCTT,,,2.98
,POP28-31,HS50SE,5,POP31_18,HT,Genomic,iAD-D,13,3,AACAACCA,GTAACCTT,,,2.98
,POP28-31,HS50SE,5,POP31_19,HT,Genomic,iAD-D,21,3,ACGCTCGA,GTAACCTT,,,2.98
,POP28-31,HS50SE,5,POP31_20,HT,Genomic,iAD-D,29,3,ATTGAGGA,GTAACCTT,,,2.98
,POP28-31,HS50SE,5,POP31_21,HT,Genomic,iAD-D,37,3,CCGAAGTA,GTAACCTT,,,2.98
,POP28-31,HS50SE,5,POP31_22,HT,Genomic,iAD-D,45,3,CTGGCATA,GTAACCTT,,,2.98
,POP28-31,HS50SE,5,POP31_23,HT,Genomic,iAD-D,53,3,GCTCGGTA,GTAACCTT,,,2.98
,POP28-31,HS50SE,5,POP31_24,HT,Genomic,iAD-D,61,3,TATCAGCA,GTAACCTT,,,2.98
,POP28-31,HS50SE,5,POP31_25,HT,Genomic,iAD-D,5,4,ACCACTGT,GGCCCAAA,,,2.98
,POP28-31,HS50SE,5,POP31_26,HT,Genomic,iAD-D,13,4,AACAACCA,GGCCCAAA,,,2.98
,POP28-31,HS50SE,5,POP31_27,HT,Genomic,iAD-D,21,4,ACGCTCGA,GGCCCAAA,,,2.98
,POP28-31,HS50SE,5,POP31_28,HT,Genomic,iAD-D,29,4,ATTGAGGA,GGCCCAAA,,,2.98
,POP28-31,HS50SE,5,POP31_29,HT,Genomic,iAD-D,37,4,CCGAAGTA,GGCCCAAA,,,2.98
,POP28-31,HS50SE,5,POP31_30,HT,Genomic,iAD-D,45,4,CTGGCATA,GGCCCAAA,,,2.98
,POP28-31,HS50SE,5,POP31_31,HT,Genomic,iAD-D,53,4,GCTCGGTA,GGCCCAAA,,,2.98
,POP28-31,HS50SE,5,POP31_32,HT,Genomic,iAD-D,61,4,TATCAGCA,GGCCCAAA,,,2.98
,POP28-31,HS50SE,5,POP31_33,HT,Genomic,iAD-D,5,5,ACCACTGT,GCACTGTT,,,2.98
,POP28-31,HS50SE,5,POP31_34,HT,Genomic,iAD-D,13,5,AACAACCA,GCACTGTT,,,2.98
,POP28-31,HS50SE,5,POP31_35,HT,Genomic,iAD-D,21,5,ACGCTCGA,GCACTGTT,,,2.98
,POP28-31,HS50SE,5,POP31_36,HT,Genomic,iAD-D,29,5,ATTGAGGA,GCACTGTT,,,2.98
,POP28-31,HS50SE,5,POP31_37,HT,Genomic,iAD-D,37,5,CCGAAGTA,GCACTGTT,,,2.98
,POP28-31,HS50SE,5,POP31_38,HT,Genomic,iAD-D,45,5,CTGGCATA,GCACTGTT,,,2.98
,POP28-31,HS50SE,5,POP31_39,HT,Genomic,iAD-D,53,5,GCTCGGTA,GCACTGTT,,,2.98
,POP28-31,HS50SE,5,POP31_40,HT,Genomic,iAD-D,61,5,TATCAGCA,GCACTGTT,,,2.98
,POP28-31,HS50SE,5,POP31_41,HT,Genomic,iAD-D,5,6,ACCACTGT,CAGTAGGA,,,2.98
,POP28-31,HS50SE,5,POP31_42,HT,Genomic,iAD-D,13,6,AACAACCA,CAGTAGGA,,,2.98
,POP28-31,HS50SE,5,POP31_43,HT,Genomic,iAD-D,21,6,ACGCTCGA,CAGTAGGA,,,2.98
,POP28-31,HS50SE,5,POP31_44,HT,Genomic,iAD-D,29,6,ATTGAGGA,CAGTAGGA,,,2.98
,POP28-31,HS50SE,5,POP31_45,HT,Genomic,iAD-D,37,6,CCGAAGTA,CAGTAGGA,,,2.98
,POP28-31,HS50SE,5,POP31_46,HT,Genomic,iAD-D,45,6,CTGGCATA,CAGTAGGA,,,2.98
,POP28-31,HS50SE,5,POP31_47,HT,Genomic,iAD-D,53,6,GCTCGGTA,CAGTAGGA,,,2.98
,POP28-31,HS50SE,5,POP31_48,HT,Genomic,iAD-D,61,6,TATCAGCA,CAGTAGGA,,,2.98
,POP28-31,HS50SE,5,POP31_49,HT,Genomic,iAD-D,6,7,ACATTGGC,ATTTCCTG,,,2.98
,POP28-31,HS50SE,5,POP31_50,HT,Genomic,iAD-D,14,7,AACCGAGA,ATTTCCTG,,,2.98
,POP28-31,HS50SE,5,POP31_51,HT,Genomic,iAD-D,22,7,ACGTATCA,ATTTCCTG,,,2.98
,POP28-31,HS50SE,5,POP31_52,HT,Genomic,iAD-D,30,7,CAACCACA,ATTTCCTG,,,2.98
,POP28-31,HS50SE,5,POP31_53,HT,Genomic,iAD-D,38,7,CCGTGAGA,ATTTCCTG,,,2.98
,POP28-31,HS50SE,5,POP31_54,HT,Genomic,iAD-D,46,7,GAATCTGA,ATTTCCTG,,,2.98
,POP28-31,HS50SE,5,POP31_55,HT,Genomic,iAD-D,54,7,GGAGAACA,ATTTCCTG,,,2.98
,POP28-31,HS50SE,5,POP31_56,HT,Genomic,iAD-D,62,7,TCCGTCTA,ATTTCCTG,,,2.98
,POP28-31,HS50SE,5,POP31_57,HT,Genomic,iAD-D,6,8,ACATTGGC,ATTCTAGC,,,2.98
,POP28-31,HS50SE,5,POP31_58,HT,Genomic,iAD-D,14,8,AACCGAGA,ATTCTAGC,,,2.98
,POP28-31,HS50SE,5,POP31_59,HT,Genomic,iAD-D,22,8,ACGTATCA,ATTCTAGC,,,2.98
,POP28-31,HS50SE,5,POP31_60,HT,Genomic,iAD-D,30,8,CAACCACA,ATTCTAGC,,,2.98
,POP28-31,HS50SE,5,POP31_61,HT,Genomic,iAD-D,38,8,CCGTGAGA,ATTCTAGC,,,2.98
,POP28-31,HS50SE,5,POP31_62,HT,Genomic,iAD-D,46,8,GAATCTGA,ATTCTAGC,,,2.98
,POP28-31,HS50SE,5,POP31_63,HT,Genomic,iAD-D,54,8,GGAGAACA,ATTCTAGC,,,2.98
,POP28-31,HS50SE,5,POP31_64,HT,Genomic,iAD-D,62,8,TCCGTCTA,ATTCTAGC,,,2.98
,POP28-31,HS50SE,5,POP31_65,HT,Genomic,iAD-D,6,9,ACATTGGC,TTGGTGCA,,,2.98
,POP28-31,HS50SE,5,POP31_66,HT,Genomic,iAD-D,14,9,AACCGAGA,TTGGTGCA,,,2.98
,POP28-31,HS50SE,5,POP31_67,HT,Genomic,iAD-D,22,9,ACGTATCA,TTGGTGCA,,,2.98
,POP28-31,HS50SE,5,POP31_68,HT,Genomic,iAD-D,30,9,CAACCACA,TTGGTGCA,,,2.98
,POP28-31,HS50SE,5,POP31_69,HT,Genomic,iAD-D,38,9,CCGTGAGA,TTGGTGCA,,,2.98
,POP28-31,HS50SE,5,POP31_70,HT,Genomic,iAD-D,46,9,GAATCTGA,TTGGTGCA,,,2.98
,POP28-31,HS50SE,5,POP31_71,HT,Genomic,iAD-D,54,9,GGAGAACA,TTGGTGCA,,,2.98
,POP28-31,HS50SE,5,POP31_72,HT,Genomic,iAD-D,62,9,TCCGTCTA,TTGGTGCA,,,2.98
,POP28-31,HS50SE,5,POP31_73,HT,Genomic,iAD-D,6,10,ACATTGGC,TGCGTACG,,,2.98
,POP28-31,HS50SE,5,POP31_74,HT,Genomic,iAD-D,14,10,AACCGAGA,TGCGTACG,,,2.98
,POP28-31,HS50SE,5,POP31_75,HT,Genomic,iAD-D,22,10,ACGTATCA,TGCGTACG,,,2.98
,POP28-31,HS50SE,5,POP31_76,HT,Genomic,iAD-D,30,10,CAACCACA,TGCGTACG,,,2.98
,POP28-31,HS50SE,5,POP31_77,HT,Genomic,iAD-D,38,10,CCGTGAGA,TGCGTACG,,,2.98
,POP28-31,HS50SE,5,POP31_78,HT,Genomic,iAD-D,46,10,GAATCTGA,TGCGTACG,,,2.98
,POP28-31,HS50SE,5,POP31_79,HT,Genomic,iAD-D,54,10,GGAGAACA,TGCGTACG,,,2.98
,POP28-31,HS50SE,5,POP31_80,HT,Genomic,iAD-D,62,10,TCCGTCTA,TGCGTACG,,,2.98
,POP28-31,HS50SE,5,POP31_81,HT,Genomic,iAD-D,6,11,ACATTGGC,TCGCCTTT,,,2.98
,POP28-31,HS50SE,5,POP31_82,HT,Genomic,iAD-D,14,11,AACCGAGA,TCGCCTTT,,,2.98
,POP28-31,HS50SE,5,POP31_83,HT,Genomic,iAD-D,22,11,ACGTATCA,TCGCCTTT,,,2.98
,POP28-31,HS50SE,5,POP31_84,HT,Genomic,iAD-D,30,11,CAACCACA,TCGCCTTT,,,2.98
,POP28-31,HS50SE,5,POP31_85,HT,Genomic,iAD-D,38,11,CCGTGAGA,TCGCCTTT,,,2.98
,POP28-31,HS50SE,5,POP31_86,HT,Genomic,iAD-D,46,11,GAATCTGA,TCGCCTTT,,,2.98
,POP28-31,HS50SE,5,POP31_87,HT,Genomic,iAD-D,54,11,GGAGAACA,TCGCCTTT,,,2.98
,POP28-31,HS50SE,5,POP31_88,HT,Genomic,iAD-D,62,11,TCCGTCTA,TCGCCTTT,,,2.98
,POP28-31,HS50SE,5,POP31_89,HT,Genomic,iAD-D,6,12,ACATTGGC,AGGTCAGA,,,2.98
,POP28-31,HS50SE,5,POP31_90,HT,Genomic,iAD-D,14,12,AACCGAGA,AGGTCAGA,,,2.98
,POP28-31,HS50SE,5,POP31_91,HT,Genomic,iAD-D,22,12,ACGTATCA,AGGTCAGA,,,2.98
,POP28-31,HS50SE,5,POP31_92,HT,Genomic,iAD-D,30,12,CAACCACA,AGGTCAGA,,,2.98
,POP28-31,HS50SE,5,POP31_93,HT,Genomic,iAD-D,38,12,CCGTGAGA,AGGTCAGA,,,2.98
,POP28-31,HS50SE,5,POP31_94,HT,Genomic,iAD-D,46,12,GAATCTGA,AGGTCAGA,,,2.98
,POP28-31,HS50SE,5,POP31_95,HT,Genomic,iAD-D,54,12,GGAGAACA,AGGTCAGA,,,2.98
,POP28-31,HS50SE,5,POP31_96,HT,Genomic,iAD-D,62,12,TCCGTCTA,AGGTCAGA,,,2.98