Trait,Category,phenotype dQTL,adjusted P-value,phenotype dQTL class,Chr,Start (bp),End (bp),No bins phenotype dQTL,effect_on_phenotype,Percentage variance explained
Area_y1,Leaf_size,QTL_chr_08_1,0.044433106,significant linkage,8,5200001,8400000,4,+,1.998677775
Area_y1,Leaf_size,QTL_chr_08_2,0.018771104,significant linkage,8,9600001,14400000,7,+,1.832495319
Area_y1,Leaf_size,QTL_chr_10_1,0.080932866,suggestive linkage,10,7400001,8600000,2,+,3.677418987
Area_y1,Leaf_size,QTL_chr_13_1,0.059435593,suggestive linkage,13,300001,2800000,5,+,0.994258444
Area_y2,Leaf_size,QTL_chr_01_1,0.072176224,suggestive linkage,1,48900001,50495391,2,+,1.348946133
Area_y2,Leaf_size,QTL_chr_02_1,0.065288351,suggestive linkage,2,2400001,2500000,1,+,1.492549067
Area_y2,Leaf_size,QTL_chr_02_2,0.017974558,significant linkage,2,3600001,6400000,3,+,1.562067892
Area_y2,Leaf_size,QTL_chr_09_1,0.083077316,suggestive linkage,9,8500001,9000000,1,+,1.523341601
Area_y2,Leaf_size,QTL_chr_10_1,0.09219772,suggestive linkage,10,7700001,10800000,2,+,1.282724506
Area_y2,Leaf_size,QTL_chr_14_1,0.038303026,significant linkage,14,1,500000,1,+,1.913389275
Area_y2,Leaf_size,QTL_chr_14_2,0.038303026,significant linkage,14,900001,1200000,1,+,1.913389275
Area_y2,Leaf_size,QTL_chr_14_3,0.010826567,significant linkage,14,2100001,9300000,20,+,1.151478545
Area_y2,Leaf_size,QTL_chr_14_4,0.052441523,suggestive linkage,14,14600001,15000000,1,+,1.809613713
Area_y2,Leaf_size,QTL_chr_19_1,0.005487618,confirmed linkage,19,1,4500000,10,+,2.432061211
Area_y1_y2,Leaf_size,QTL_chr_01_1,0.071700373,suggestive linkage,1,48900001,50495391,2,+,1.458298396
Area_y1_y2,Leaf_size,QTL_chr_09_1,0.043050928,significant linkage,9,8500001,9000000,1,+,1.762722748
Area_y1_y2,Leaf_size,QTL_chr_14_1,0.03720984,significant linkage,14,1,500000,1,+,2.158390305
Area_y1_y2,Leaf_size,QTL_chr_14_2,0.03720984,significant linkage,14,900001,1200000,1,+,2.158390305
Area_y1_y2,Leaf_size,QTL_chr_14_3,0.007310911,confirmed linkage,14,2100001,10100000,21,+,1.342091526
Area_y1_y2,Leaf_size,QTL_chr_14_4,0.03071218,significant linkage,14,14600001,15000000,1,+,2.309561675
Area_y1_y2,Leaf_size,QTL_chr_19_1,0.005637419,confirmed linkage,19,1,4500000,10,+,2.546094208
Perimeter_y1,Leaf_size,QTL_chr_08_1,0.091705095,suggestive linkage,8,5200001,5300000,1,+,2.306614889
Perimeter_y1,Leaf_size,QTL_chr_08_2,0.031781172,significant linkage,8,9600001,10300000,3,+,2.118133863
Perimeter_y1,Leaf_size,QTL_chr_08_3,0.031781172,significant linkage,8,11000001,14400000,3,+,2.262741118
Perimeter_y1,Leaf_size,QTL_chr_13_1,0.043058069,significant linkage,13,300001,2800000,5,+,1.070864622
Perimeter_y2,Leaf_size,QTL_chr_01_1,0.051335117,suggestive linkage,1,48900001,50495391,2,+,1.391020011
Perimeter_y2,Leaf_size,QTL_chr_02_1,0.048961048,significant linkage,2,2400001,2500000,1,+,1.549506555
Perimeter_y2,Leaf_size,QTL_chr_02_2,0.010263091,significant linkage,2,3600001,6700000,4,+,1.541793144
Perimeter_y2,Leaf_size,QTL_chr_09_1,0.059871508,suggestive linkage,9,8500001,9000000,1,+,1.625003562
Perimeter_y2,Leaf_size,QTL_chr_14_1,0.010441298,significant linkage,14,1,10100000,26,+,0.749754614
Perimeter_y2,Leaf_size,QTL_chr_14_2,0.04324602,significant linkage,14,14600001,15000000,1,+,1.735997549
Perimeter_y2,Leaf_size,QTL_chr_19_1,0.009899287,confirmed linkage,19,1,4500000,10,+,2.126447045
Perimeter_y1_y2,Leaf_size,QTL_chr_01_1,0.062643637,suggestive linkage,1,48900001,50495391,2,+,1.534686492
Perimeter_y1_y2,Leaf_size,QTL_chr_02_1,0.071066,suggestive linkage,2,4000001,6300000,1,+,1.383823574
Perimeter_y1_y2,Leaf_size,QTL_chr_05_1,0.090058316,suggestive linkage,5,23800001,24000000,1,+,1.783924595
Perimeter_y1_y2,Leaf_size,QTL_chr_05_2,0.090058316,suggestive linkage,5,24500001,24900000,1,+,1.783924595
Perimeter_y1_y2,Leaf_size,QTL_chr_05_3,0.055362904,suggestive linkage,5,25600001,25890704,1,+,1.921136888
Perimeter_y1_y2,Leaf_size,QTL_chr_09_1,0.067682114,suggestive linkage,9,8500001,9000000,1,+,1.595324728
Perimeter_y1_y2,Leaf_size,QTL_chr_14_1,0.006379718,confirmed linkage,14,1,10100000,26,+,1.59365589
Perimeter_y1_y2,Leaf_size,QTL_chr_14_2,0.045112066,significant linkage,14,14600001,15000000,1,+,2.342721583
Perimeter_y1_y2,Leaf_size,QTL_chr_19_1,0.01616303,significant linkage,19,1,4500000,10,+,2.800059201
Perimeter2:area2_y1,Leaf_size,QTL_chr_05_1,0.019818262,significant linkage,5,3000001,4300000,1,+,1.828774295
Perimeter2:area2_y1,Leaf_size,QTL_chr_05_2,0.019818262,significant linkage,5,4900001,7800000,3,+,1.732688264
Perimeter2:area2_y1,Leaf_size,QTL_chr_05_3,0.062802258,suggestive linkage,5,10500001,12000000,2,+,1.543406088
Perimeter2:area2_y1,Leaf_size,QTL_chr_05_4,0.029056863,significant linkage,5,21100001,24000000,2,+,2.62037161
Perimeter2:area2_y1,Leaf_size,QTL_chr_05_5,0.029056863,significant linkage,5,24500001,24900000,1,+,2.731208153
Perimeter2:area2_y2,Leaf_size,QTL_chr_02_1,0.004032179,confirmed linkage,2,3600001,6400000,3,+,2.38589711
Perimeter2:area2_y2,Leaf_size,QTL_chr_05_1,0.001399589,confirmed linkage,5,21100001,25890704,9,+,3.086241539
Perimeter2:area2_y2,Leaf_size,QTL_chr_14_1,0.021137829,significant linkage,14,1,2400000,7,+,0.969433627
Perimeter2:area2_y2,Leaf_size,QTL_chr_14_2,0.011606724,significant linkage,14,8700001,10250000,5,+,1.444606902
Perimeter2:area2_y2,Leaf_size,QTL_chr_14_3,0.039171568,significant linkage,14,10750001,11700000,1,+,1.376897791
Perimeter2:area2_y2,Leaf_size,QTL_chr_14_4,0.039171568,significant linkage,14,12300001,13700000,1,+,1.376897791
Perimeter2:area2_y1_y2,Leaf_size,QTL_chr_01_1,0.049713599,significant linkage,1,47000001,48100000,2,+,1.776677436
Perimeter2:area2_y1_y2,Leaf_size,QTL_chr_01_2,0.089757396,suggestive linkage,1,49600001,50495391,1,+,1.556853459
Perimeter2:area2_y1_y2,Leaf_size,QTL_chr_02_1,0.087041414,suggestive linkage,2,2400001,2500000,1,+,1.874050114
Perimeter2:area2_y1_y2,Leaf_size,QTL_chr_02_2,0.005748859,confirmed linkage,2,3600001,6400000,3,+,2.3871934
Perimeter2:area2_y1_y2,Leaf_size,QTL_chr_05_1,0.038995997,significant linkage,5,3700001,4300000,1,+,1.367212588
Perimeter2:area2_y1_y2,Leaf_size,QTL_chr_05_2,0.037463953,significant linkage,5,4900001,6400000,2,+,1.2832067
Perimeter2:area2_y1_y2,Leaf_size,QTL_chr_05_3,0.068998543,suggestive linkage,5,10500001,11100000,1,+,1.480095741
Perimeter2:area2_y1_y2,Leaf_size,QTL_chr_05_4,0.000425204,confirmed linkage,5,20600001,25890704,10,+,3.276602802
Perimeter2:area2_y1_y2,Leaf_size,QTL_chr_14_1,0.029540176,significant linkage,14,1,2400000,7,+,0.733342834
Perimeter2:area2_y1_y2,Leaf_size,QTL_chr_14_2,0.015882873,significant linkage,14,8700001,10250000,5,+,1.219151918
Perimeter2:area2_y1_y2,Leaf_size,QTL_chr_14_3,0.030470467,significant linkage,14,10750001,11700000,1,+,1.363862034
Perimeter2:area2_y1_y2,Leaf_size,QTL_chr_14_4,0.030470467,significant linkage,14,12300001,13700000,1,+,1.363862034
Width_y1,Leaf_size,QTL_chr_08_1,0.068562225,suggestive linkage,8,5200001,6800000,2,+,2.134516058
Width_y1,Leaf_size,QTL_chr_08_2,0.031025663,significant linkage,8,9600001,10300000,3,+,2.126935559
Width_y1,Leaf_size,QTL_chr_08_3,0.031025663,significant linkage,8,11600001,14400000,2,+,2.394530897
Width_y1,Leaf_size,QTL_chr_09_1,0.094090029,suggestive linkage,9,8500001,9900000,1,+,3.009924404
Width_y1,Leaf_size,QTL_chr_10_1,0.069663166,suggestive linkage,10,7400001,8600000,2,+,3.841701891
Width_y1,Leaf_size,QTL_chr_13_1,0.045326299,significant linkage,13,300001,2800000,5,+,1.115311792
Width_y2,Leaf_size,QTL_chr_01_1,0.097717424,suggestive linkage,1,48900001,49600000,1,+,1.481534185
Width_y2,Leaf_size,QTL_chr_02_1,0.077445001,suggestive linkage,2,2400001,2500000,1,+,1.478605111
Width_y2,Leaf_size,QTL_chr_02_2,0.023063182,significant linkage,2,3600001,6400000,3,+,1.514979326
Width_y2,Leaf_size,QTL_chr_09_1,0.079261742,suggestive linkage,9,8500001,9000000,1,+,1.564803002
Width_y2,Leaf_size,QTL_chr_14_1,0.03616496,significant linkage,14,1,500000,1,+,1.992317277
Width_y2,Leaf_size,QTL_chr_14_2,0.03616496,significant linkage,14,900001,1200000,1,+,1.992317277
Width_y2,Leaf_size,QTL_chr_14_3,0.008647359,confirmed linkage,14,1500001,9300000,21,+,1.094369158
Width_y2,Leaf_size,QTL_chr_14_4,0.038066044,significant linkage,14,14600001,15000000,1,+,2.022147349
Width_y2,Leaf_size,QTL_chr_19_1,0.006217302,confirmed linkage,19,1,4500000,10,+,2.371849486
Width_y1_y2,Leaf_size,QTL_chr_01_1,0.092757718,suggestive linkage,1,48900001,49600000,1,+,1.637180675
Width_y1_y2,Leaf_size,QTL_chr_09_1,0.044977153,significant linkage,9,8500001,9000000,1,+,1.818744023
Width_y1_y2,Leaf_size,QTL_chr_14_1,0.03333701,significant linkage,14,1,500000,1,+,2.254800232
Width_y1_y2,Leaf_size,QTL_chr_14_2,0.005737887,confirmed linkage,14,900001,10100000,24,+,1.549436405
Width_y1_y2,Leaf_size,QTL_chr_14_3,0.021176243,significant linkage,14,14600001,15200000,2,+,2.469165569
Width_y1_y2,Leaf_size,QTL_chr_19_1,0.007525968,confirmed linkage,19,1,4500000,10,+,2.483041498
Length_y1,Leaf_size,QTL_chr_08_1,0.038011392,significant linkage,8,9600001,10300000,3,+,2.049863924
Length_y1,Leaf_size,QTL_chr_08_2,0.038011392,significant linkage,8,11600001,11700000,1,+,2.565721213
Length_y2,Leaf_size,QTL_chr_01_1,0.088893711,suggestive linkage,1,48900001,49600000,1,+,1.386670766
Length_y2,Leaf_size,QTL_chr_02_1,0.04178129,significant linkage,2,2400001,2500000,1,+,1.630251215
Length_y2,Leaf_size,QTL_chr_02_2,0.006450989,confirmed linkage,2,3200001,6700000,5,+,1.760510143
Length_y2,Leaf_size,QTL_chr_05_1,0.073049579,suggestive linkage,5,23500001,24000000,2,+,1.461020877
Length_y2,Leaf_size,QTL_chr_05_2,0.073049579,suggestive linkage,5,24500001,24900000,1,+,1.604891612
Length_y2,Leaf_size,QTL_chr_05_3,0.042622183,significant linkage,5,25600001,25890704,1,+,1.734623918
Length_y2,Leaf_size,QTL_chr_14_1,0.064498606,suggestive linkage,14,1,500000,1,+,1.672375103
Length_y2,Leaf_size,QTL_chr_14_2,0.064498606,suggestive linkage,14,900001,1200000,1,+,1.672375103
Length_y2,Leaf_size,QTL_chr_14_3,0.087055802,suggestive linkage,14,2400001,2900000,2,+,1.485719457
Length_y2,Leaf_size,QTL_chr_14_4,0.038423441,significant linkage,14,3300001,4850000,4,+,1.509306841
Length_y2,Leaf_size,QTL_chr_14_5,0.03287328,significant linkage,14,5250001,7200000,3,+,1.63439942
Length_y2,Leaf_size,QTL_chr_14_6,0.040160559,significant linkage,14,8100001,8800000,2,+,1.736891341
Length_y2,Leaf_size,QTL_chr_19_1,0.006684172,confirmed linkage,19,1,4500000,10,+,2.859500621
Length_y1_y2,Leaf_size,QTL_chr_02_1,0.064796522,suggestive linkage,2,3600001,6300000,2,+,1.320763791
Length_y1_y2,Leaf_size,QTL_chr_05_1,0.037897848,significant linkage,5,23500001,24000000,2,+,1.705508168
Length_y1_y2,Leaf_size,QTL_chr_05_2,0.024379237,significant linkage,5,24500001,25890704,3,+,1.87442451
Length_y1_y2,Leaf_size,QTL_chr_09_1,0.065564144,suggestive linkage,9,8500001,9000000,1,+,1.574196143
Length_y1_y2,Leaf_size,QTL_chr_14_1,0.059904848,suggestive linkage,14,1,500000,1,+,1.852815916
Length_y1_y2,Leaf_size,QTL_chr_14_2,0.059904848,suggestive linkage,14,900001,1200000,1,+,1.852815916
Length_y1_y2,Leaf_size,QTL_chr_14_3,0.06470093,suggestive linkage,14,2200001,2900000,3,+,1.57959028
Length_y1_y2,Leaf_size,QTL_chr_14_4,0.024851849,significant linkage,14,3300001,7200000,8,+,1.7085611
Length_y1_y2,Leaf_size,QTL_chr_14_5,0.024825785,significant linkage,14,7700001,9000000,4,+,2.096030494
Length_y1_y2,Leaf_size,QTL_chr_14_6,0.089707542,suggestive linkage,14,14600001,15000000,1,+,1.777321637
Length_y1_y2,Leaf_size,QTL_chr_19_1,0.005529579,confirmed linkage,19,1,4500000,10,+,3.003111108
Circularity_y1,Leaf_shape,QTL_chr_01_1,0.068134776,suggestive linkage,1,40400001,40700000,1,+,2.972301094
Circularity_y2,Leaf_shape,QTL_chr_01_1,0.077992633,suggestive linkage,1,16400001,17000000,1,+,2.093320481
Circularity_y2,Leaf_shape,QTL_chr_01_2,0.03858161,significant linkage,1,17100001,17700000,2,+,2.533201556
Circularity_y2,Leaf_shape,QTL_chr_08_1,0.094049425,suggestive linkage,8,3100001,3600000,1,+,1.473144059
Circularity_y2,Leaf_shape,QTL_chr_08_2,0.051999579,suggestive linkage,8,5300001,6500000,2,+,1.406566154
Circularity_y2,Leaf_shape,QTL_chr_09_1,0.007486683,confirmed linkage,9,2800001,4900000,5,+,3.440668735
Circularity_y2,Leaf_shape,QTL_chr_09_2,0.009079025,confirmed linkage,9,10100001,12948742,2,+,3.532761211
Circularity_y2,Leaf_shape,QTL_chr_10_1,0.078708162,suggestive linkage,10,12300001,14500000,2,+,1.987908239
Circularity_y2,Leaf_shape,QTL_chr_10_2,0.025180912,significant linkage,10,17300001,17400000,1,+,3.056553021
Circularity_y2,Leaf_shape,QTL_chr_12_1,0.018592678,significant linkage,12,13400001,15750000,5,-,0.955262224
Circularity_y2,Leaf_shape,QTL_chr_13_1,0.002924637,confirmed linkage,13,1,2800000,6,+,1.521801595
Circularity_y2,Leaf_shape,QTL_chr_14_1,0.038004932,significant linkage,14,2400001,3300000,3,+,1.568050338
Circularity_y2,Leaf_shape,QTL_chr_14_2,0.012736063,significant linkage,14,3800001,8800000,11,+,3.056248694
Circularity_y2,Leaf_shape,QTL_chr_17_1,0.059470457,suggestive linkage,17,1500001,3500000,1,+,3.598386025
Circularity_y2,Leaf_shape,QTL_chr_17_2,0.059470457,suggestive linkage,17,4600001,5600000,1,+,3.598386025
Circularity_y1_y2,Leaf_shape,QTL_chr_01_1,0.018491293,significant linkage,1,17100001,17700000,2,+,3.096428507
Circularity_y1_y2,Leaf_shape,QTL_chr_01_2,0.076862784,suggestive linkage,1,40700001,40800000,1,+,1.779416454
Circularity_y1_y2,Leaf_shape,QTL_chr_08_1,0.076307005,suggestive linkage,8,1200001,1600000,1,+,1.380817292
Circularity_y1_y2,Leaf_shape,QTL_chr_08_2,0.08405667,suggestive linkage,8,5300001,6400000,1,+,1.362338003
Circularity_y1_y2,Leaf_shape,QTL_chr_09_1,0.007855758,confirmed linkage,9,2800001,4900000,5,+,3.651739877
Circularity_y1_y2,Leaf_shape,QTL_chr_09_2,0.014313068,significant linkage,9,10100001,12948742,2,+,3.571240802
Circularity_y1_y2,Leaf_shape,QTL_chr_10_1,0.072253999,suggestive linkage,10,12300001,14500000,2,+,1.953284691
Circularity_y1_y2,Leaf_shape,QTL_chr_10_2,0.030948936,significant linkage,10,17300001,17400000,1,+,2.836389365
Circularity_y1_y2,Leaf_shape,QTL_chr_12_1,0.015455477,significant linkage,12,13400001,15000000,4,-,1.05586126
Circularity_y1_y2,Leaf_shape,QTL_chr_13_1,0.064343762,suggestive linkage,13,1,1500000,2,+,1.22970385
Circularity_y1_y2,Leaf_shape,QTL_chr_14_1,0.027776999,significant linkage,14,2400001,3400000,4,+,2.22283791
Circularity_y1_y2,Leaf_shape,QTL_chr_14_2,0.012417593,significant linkage,14,3800001,8800000,11,+,2.753336368
Length:width_y1,Leaf_shape,QTL_chr_09_1,0.03445468,significant linkage,9,8200001,9900000,2,-,2.740585196
Length:width_y1,Leaf_shape,QTL_chr_10_1,0.032803102,significant linkage,10,7400001,8600000,2,-,7.509143549
Length:width_y1,Leaf_shape,QTL_chr_13_1,0.098042176,suggestive linkage,13,2300001,2800000,1,-,1.851325537
Length:width_y1,Leaf_shape,QTL_chr_17_1,0.092772997,suggestive linkage,17,3500001,4600000,1,-,4.142678211
Length:width_y2,Leaf_shape,QTL_chr_01_1,0.076606082,suggestive linkage,1,14700001,14750000,1,-,5.455826283
Length:width_y2,Leaf_shape,QTL_chr_07_1,0.017169386,significant linkage,7,10200001,10900000,3,+,0.984025318
Length:width_y2,Leaf_shape,QTL_chr_07_2,0.063524648,suggestive linkage,7,11000001,11400000,2,+,1.06164703
Length:width_y2,Leaf_shape,QTL_chr_09_1,0.080515361,suggestive linkage,9,8500001,9000000,1,-,2.464858994
Length:width_y2,Leaf_shape,QTL_chr_10_1,0.013681486,significant linkage,10,12300001,14500000,2,-,1.977767839
Length:width_y2,Leaf_shape,QTL_chr_10_2,0.074311138,suggestive linkage,10,17300001,17400000,1,-,1.509835007
Length:width_y2,Leaf_shape,QTL_chr_14_1,0.005272557,confirmed linkage,14,2200001,10100000,20,-,6.008713495
Length:width_y2,Leaf_shape,QTL_chr_14_2,0.043570158,significant linkage,14,14600001,15000000,1,-,6.588039035
Length:width_y2,Leaf_shape,QTL_chr_14_3,0.069036835,suggestive linkage,14,15300001,15400000,1,-,4.358977224
Length:width_y2,Leaf_shape,QTL_chr_17_1,0.057062201,suggestive linkage,17,1500001,3500000,1,-,3.396313753
Length:width_y2,Leaf_shape,QTL_chr_17_2,0.057062201,suggestive linkage,17,4600001,5600000,1,-,3.396313753
Length:width_y2,Leaf_shape,QTL_chr_19_1,0.017400922,significant linkage,19,1,4200000,7,-,1.843775608
Length:width_y2,Leaf_shape,QTL_chr_19_2,0.076140817,suggestive linkage,19,4300001,4400000,1,-,1.609907495
Length:width_y1_y2,Leaf_shape,QTL_chr_01_1,0.09118959,suggestive linkage,1,14700001,14750000,1,-,5.31253775
Length:width_y1_y2,Leaf_shape,QTL_chr_07_1,0.054360605,suggestive linkage,7,10200001,10800000,2,+,0.901819258
Length:width_y1_y2,Leaf_shape,QTL_chr_09_1,0.014506264,significant linkage,9,8500001,9900000,2,-,4.413721664
Length:width_y1_y2,Leaf_shape,QTL_chr_10_1,0.00933723,confirmed linkage,10,12300001,14500000,2,-,2.175637764
Length:width_y1_y2,Leaf_shape,QTL_chr_10_2,0.075675565,suggestive linkage,10,17300001,17400000,1,-,1.413248445
Length:width_y1_y2,Leaf_shape,QTL_chr_11_1,0.047063877,significant linkage,11,17200001,17600000,1,-,1.90700405
Length:width_y1_y2,Leaf_shape,QTL_chr_14_1,0.043653239,significant linkage,14,2400001,3400000,4,-,4.865088721
Length:width_y1_y2,Leaf_shape,QTL_chr_14_2,0.031657499,significant linkage,14,3800001,4850000,2,-,5.775956656
Length:width_y1_y2,Leaf_shape,QTL_chr_14_3,0.009381424,confirmed linkage,14,5250001,10100000,11,-,6.600927501
Length:width_y1_y2,Leaf_shape,QTL_chr_14_4,0.028445738,significant linkage,14,14600001,15000000,1,-,6.782867728
Length:width_y1_y2,Leaf_shape,QTL_chr_14_5,0.034488389,significant linkage,14,15300001,15400000,1,-,4.516391379
Length:width_y1_y2,Leaf_shape,QTL_chr_14_6,0.090175004,suggestive linkage,14,15500001,15600000,1,-,3.349370862
Length:width_y1_y2,Leaf_shape,QTL_chr_17_1,0.08758444,suggestive linkage,17,1500001,3500000,1,-,2.957232421
Length:width_y1_y2,Leaf_shape,QTL_chr_17_2,0.08758444,suggestive linkage,17,4600001,5600000,1,-,2.957232421
Length:width_y1_y2,Leaf_shape,QTL_chr_19_1,0.023159281,significant linkage,19,1,4200000,7,-,1.518735975
Length:width_y1_y2,Leaf_shape,QTL_chr_19_2,0.084175646,suggestive linkage,19,4300001,4400000,1,-,1.383399876
Horizontal_symmetry_y1,Leaf_shape,QTL_chr_01_1,0.003097468,confirmed linkage,1,46700001,48200000,4,-,8.105764861
Horizontal_symmetry_y1,Leaf_shape,QTL_chr_13_1,0.009660407,confirmed linkage,13,300001,4300000,8,-,5.599854247
Horizontal_symmetry_y1,Leaf_shape,QTL_chr_16_1,0.093118877,suggestive linkage,16,13000001,14494361,1,-,2.715034488
Horizontal_symmetry_y2,Leaf_shape,QTL_chr_01_1,0.078794021,suggestive linkage,1,14000001,14100000,1,-,2.088864168
Horizontal_symmetry_y2,Leaf_shape,QTL_chr_01_2,0.078794021,suggestive linkage,1,14600001,14700000,1,-,2.088864168
Horizontal_symmetry_y2,Leaf_shape,QTL_chr_01_3,0.017308417,significant linkage,1,41800001,44700000,4,-,2.01380615
Horizontal_symmetry_y2,Leaf_shape,QTL_chr_01_4,0.000114547,confirmed linkage,1,46700001,50495391,10,-,9.636454272
Horizontal_symmetry_y2,Leaf_shape,QTL_chr_02_1,0.030852528,significant linkage,2,3600001,6400000,3,-,2.982364135
Horizontal_symmetry_y2,Leaf_shape,QTL_chr_05_1,0.001359542,confirmed linkage,5,20600001,25890704,10,-,3.471375484
Horizontal_symmetry_y2,Leaf_shape,QTL_chr_08_1,0.097095092,suggestive linkage,8,5300001,6400000,1,+,1.63914515
Horizontal_symmetry_y2,Leaf_shape,QTL_chr_10_1,0.06889723,suggestive linkage,10,17200001,17300000,1,+,1.951676199
Horizontal_symmetry_y1_y2,Leaf_shape,QTL_chr_01_1,0.058535894,suggestive linkage,1,14000001,14100000,1,-,2.027417705
Horizontal_symmetry_y1_y2,Leaf_shape,QTL_chr_01_2,0.058535894,suggestive linkage,1,14600001,14700000,1,-,2.027417705
Horizontal_symmetry_y1_y2,Leaf_shape,QTL_chr_01_3,0.005940256,confirmed linkage,1,41200001,44700000,5,-,3.234647119
Horizontal_symmetry_y1_y2,Leaf_shape,QTL_chr_01_4,0.064169503,suggestive linkage,1,45100001,46400000,1,-,1.349001327
Horizontal_symmetry_y1_y2,Leaf_shape,QTL_chr_01_5,1.69E-05,confirmed linkage,1,46700001,50495391,10,-,11.10422181
Horizontal_symmetry_y1_y2,Leaf_shape,QTL_chr_02_1,0.084561718,suggestive linkage,2,2900001,3200000,1,-,2.323040145
Horizontal_symmetry_y1_y2,Leaf_shape,QTL_chr_02_2,0.021688196,significant linkage,2,3600001,6400000,3,-,2.652938355
Horizontal_symmetry_y1_y2,Leaf_shape,QTL_chr_05_1,0.001347959,confirmed linkage,5,20600001,25890704,10,-,3.064070163
Vertical_symmetry_y1,Leaf_shape,QTL_chr_02_1,0.015353171,significant linkage,2,3600001,8900000,8,-,2.488147217
Fourier_PC1_y1,Leaf_shape,QTL_chr_08_1,0.073675037,suggestive linkage,8,1,1800000,3,+,1.311731535
Fourier_PC1_y1,Leaf_shape,QTL_chr_08_2,0.075693154,suggestive linkage,8,2900001,3100000,1,+,1.847085144
Fourier_PC1_y1,Leaf_shape,QTL_chr_10_1,0.026754197,significant linkage,10,7400001,8600000,2,+,15.93314757
Fourier_PC1_y1,Leaf_shape,QTL_chr_10_2,0.03910778,significant linkage,10,10800001,11000000,1,+,13.42831962
Fourier_PC1_y1,Leaf_shape,QTL_chr_17_1,0.027564516,significant linkage,17,3500001,4600000,1,+,3.681239849
Fourier_PC1_y2,Leaf_shape,QTL_chr_01_1,0.029627361,significant linkage,1,13000001,13200000,1,+,4.225692672
Fourier_PC1_y2,Leaf_shape,QTL_chr_01_2,0.064590741,suggestive linkage,1,14000001,14100000,1,+,4.151338222
Fourier_PC1_y2,Leaf_shape,QTL_chr_01_3,0.012386896,significant linkage,1,14600001,14750000,2,+,5.112103602
Fourier_PC1_y2,Leaf_shape,QTL_chr_01_4,0.014332492,significant linkage,1,40700001,41800000,3,+,3.122150666
Fourier_PC1_y2,Leaf_shape,QTL_chr_01_5,0.002404454,confirmed linkage,1,46700001,50495391,10,+,4.560137651
Fourier_PC1_y2,Leaf_shape,QTL_chr_06_1,0.020307026,significant linkage,6,9200001,11800000,4,+,1.463093902
Fourier_PC1_y2,Leaf_shape,QTL_chr_14_1,0.009658954,confirmed linkage,14,1,1200000,3,+,6.232362764
Fourier_PC1_y2,Leaf_shape,QTL_chr_14_2,0.028999925,significant linkage,14,1500001,2900000,5,+,5.899100192
Fourier_PC1_y2,Leaf_shape,QTL_chr_14_3,0.004537294,confirmed linkage,14,3800001,10250000,15,+,7.763892842
Fourier_PC1_y2,Leaf_shape,QTL_chr_14_4,0.03055021,significant linkage,14,10750001,11700000,1,+,7.190895139
Fourier_PC1_y2,Leaf_shape,QTL_chr_14_5,0.03055021,significant linkage,14,12300001,12600000,1,+,7.190895139
Fourier_PC1_y2,Leaf_shape,QTL_chr_14_6,0.005475402,confirmed linkage,14,14300001,15300000,4,+,5.637456513
Fourier_PC1_y2,Leaf_shape,QTL_chr_14_7,0.058520512,suggestive linkage,14,15500001,15600000,1,+,3.416675975
Fourier_PC1_y2,Leaf_shape,QTL_chr_17_1,0.00426487,confirmed linkage,17,1300001,6000000,5,+,4.44210743
Fourier_PC1_y2,Leaf_shape,QTL_chr_18_1,0.043785888,significant linkage,18,13400001,16958300,4,+,2.50882871
Fourier_PC1_y1_y2,Leaf_shape,QTL_chr_01_1,0.032840025,significant linkage,1,13000001,13200000,1,+,3.454748721
Fourier_PC1_y1_y2,Leaf_shape,QTL_chr_01_2,0.063871685,suggestive linkage,1,14000001,14100000,1,+,3.288629872
Fourier_PC1_y1_y2,Leaf_shape,QTL_chr_01_3,0.014680109,significant linkage,1,14600001,14750000,2,+,4.033841518
Fourier_PC1_y1_y2,Leaf_shape,QTL_chr_01_4,0.012505682,significant linkage,1,40800001,44700000,6,+,3.330939393
Fourier_PC1_y1_y2,Leaf_shape,QTL_chr_01_5,0.003270587,confirmed linkage,1,46700001,50495391,10,+,4.563395645
Fourier_PC1_y1_y2,Leaf_shape,QTL_chr_10_1,0.062063983,suggestive linkage,10,7700001,8600000,1,+,4.530435429
Fourier_PC1_y1_y2,Leaf_shape,QTL_chr_10_2,0.056121493,suggestive linkage,10,10800001,11000000,1,+,5.563510262
Fourier_PC1_y1_y2,Leaf_shape,QTL_chr_10_3,0.081299579,suggestive linkage,10,11500001,11900000,1,+,3.84881296
Fourier_PC1_y1_y2,Leaf_shape,QTL_chr_14_1,0.008869921,confirmed linkage,14,1,1200000,3,+,5.828390621
Fourier_PC1_y1_y2,Leaf_shape,QTL_chr_14_2,0.019149414,significant linkage,14,1500001,2900000,5,+,4.884286895
Fourier_PC1_y1_y2,Leaf_shape,QTL_chr_14_3,0.010310741,significant linkage,14,3800001,9300000,13,+,5.639029201
Fourier_PC1_y1_y2,Leaf_shape,QTL_chr_14_4,0.070846783,suggestive linkage,14,10100001,10250000,1,+,5.694629585
Fourier_PC1_y1_y2,Leaf_shape,QTL_chr_14_5,0.070846783,suggestive linkage,14,10750001,11700000,1,+,5.694629585
Fourier_PC1_y1_y2,Leaf_shape,QTL_chr_14_6,0.070846783,suggestive linkage,14,12300001,12600000,1,+,5.694629585
Fourier_PC1_y1_y2,Leaf_shape,QTL_chr_14_7,0.013621631,significant linkage,14,14300001,15200000,3,+,4.487016935
Fourier_PC1_y1_y2,Leaf_shape,QTL_chr_14_8,0.070804706,suggestive linkage,14,15500001,15600000,1,+,2.94615172
Fourier_PC1_y1_y2,Leaf_shape,QTL_chr_17_1,0.004163003,confirmed linkage,17,1500001,6000000,4,+,5.577365068
Fourier_PC2_y1,Leaf_shape,QTL_chr_05_1,0.050062037,suggestive linkage,5,1,400000,1,+,3.6452893
Fourier_PC2_y2,Leaf_shape,QTL_chr_10_1,0.037498961,significant linkage,10,14500001,15750000,3,+,1.797097401
Fourier_PC2_y2,Leaf_shape,QTL_chr_10_2,0.053438244,suggestive linkage,10,17200001,17300000,1,+,3.409125839
Fourier_PC2_y1_y2,Leaf_shape,QTL_chr_05_1,0.016054286,significant linkage,5,1,1300000,2,+,3.875825794
Fourier_PC2_y1_y2,Leaf_shape,QTL_chr_08_1,0.079367801,suggestive linkage,8,16200001,16700000,2,+,1.518368357
Fourier_PC2_y1_y2,Leaf_shape,QTL_chr_10_1,0.072716641,suggestive linkage,10,14800001,15750000,2,+,1.695498701
Fourier_PC3_y1,Leaf_shape,QTL_chr_10_1,0.065363105,suggestive linkage,10,7700001,8600000,1,-,2.665303625
Fourier_PC3_y1,Leaf_shape,QTL_chr_17_1,0.064098538,suggestive linkage,17,1,1300000,1,-,2.171177814
Fourier_PC3_y2,Leaf_shape,QTL_chr_14_1,0.026414401,significant linkage,14,5300001,8800000,7,-,1.52144629
Fourier_PC3_y2,Leaf_shape,QTL_chr_17_1,0.07102763,suggestive linkage,17,1500001,3500000,1,-,1.634284735
Fourier_PC3_y2,Leaf_shape,QTL_chr_17_2,0.07102763,suggestive linkage,17,4600001,5600000,1,-,1.634284735
Fourier_PC3_y1_y2,Leaf_shape,QTL_chr_10_1,0.038777504,significant linkage,10,7700001,10800000,2,-,2.076692613
Fourier_PC3_y1_y2,Leaf_shape,QTL_chr_14_1,0.009724761,confirmed linkage,14,5300001,8800000,7,-,1.422529653
Fourier_PC3_y1_y2,Leaf_shape,QTL_chr_17_1,0.04419117,significant linkage,17,1500001,3500000,1,-,2.269871554
Fourier_PC3_y1_y2,Leaf_shape,QTL_chr_17_2,0.04419117,significant linkage,17,4600001,5600000,1,-,2.269871554
Fourier_PC4_y1,Leaf_shape,QTL_chr_01_1,0.075338293,suggestive linkage,1,48900001,50495391,1,+,2.75284787
Fourier_PC4_y2,Leaf_shape,QTL_chr_09_1,0.03877355,significant linkage,9,2800001,4500000,4,+,1.236718901
Fourier_PC4_y2,Leaf_shape,QTL_chr_09_2,0.069124732,suggestive linkage,9,8500001,9000000,1,+,1.608740685
Fourier_PC4_y2,Leaf_shape,QTL_chr_09_3,0.038643959,significant linkage,9,10100001,12948742,2,+,1.537381887
Fourier_PC4_y2,Leaf_shape,QTL_chr_13_1,0.010440761,significant linkage,13,1,1500000,2,+,1.344686423
Fourier_PC4_y2,Leaf_shape,QTL_chr_13_2,0.020158318,significant linkage,13,2000001,2300000,2,+,1.178276115
Fourier_PC4_y2,Leaf_shape,QTL_chr_14_1,0.005224458,confirmed linkage,14,2100001,10100000,21,+,0.441033227
Fourier_PC4_y2,Leaf_shape,QTL_chr_16_1,0.031822251,significant linkage,16,13000001,14494361,1,+,2.482460408
Fourier_PC4_y2,Leaf_shape,QTL_chr_17_1,0.055507008,suggestive linkage,17,1500001,3500000,1,+,2.316399583
Fourier_PC4_y2,Leaf_shape,QTL_chr_17_2,0.055507008,suggestive linkage,17,4600001,5600000,1,+,2.316399583
Fourier_PC4_y2,Leaf_shape,QTL_chr_18_1,0.092771414,suggestive linkage,18,12400001,12600000,1,+,1.778863168
Fourier_PC4_y2,Leaf_shape,QTL_chr_19_1,0.018787296,significant linkage,19,1,3300000,3,+,1.453896886
Fourier_PC4_y2,Leaf_shape,QTL_chr_19_2,0.045095682,significant linkage,19,3500001,3900000,1,+,1.218310702
Fourier_PC4_y1_y2,Leaf_shape,QTL_chr_01_1,0.030866381,significant linkage,1,48900001,50495391,2,+,1.84954814
Fourier_PC4_y1_y2,Leaf_shape,QTL_chr_09_1,0.036298024,significant linkage,9,2900001,4500000,3,+,1.332638413
Fourier_PC4_y1_y2,Leaf_shape,QTL_chr_09_2,0.006878186,confirmed linkage,9,8400001,12948742,6,+,2.457629549
Fourier_PC4_y1_y2,Leaf_shape,QTL_chr_14_1,0.012616265,significant linkage,14,2400001,5300000,9,+,0.914292668
Fourier_PC4_y1_y2,Leaf_shape,QTL_chr_14_2,0.060409865,suggestive linkage,14,8100001,8800000,2,+,0.829647421
Fourier_PC1:PC2_y1,Leaf_shape,QTL_chr_01_1,0.073228953,suggestive linkage,1,47000001,48100000,1,+,5.709843206
Fourier_PC1:PC2_y2,Leaf_shape,QTL_chr_01_1,0.030527156,significant linkage,1,48200001,49600000,3,+,4.034327771
Fourier_PC1:PC2_y2,Leaf_shape,QTL_chr_07_1,0.094278029,suggestive linkage,7,10200001,10400000,1,+,1.055526162
Fourier_PC1:PC2_y2,Leaf_shape,QTL_chr_14_1,0.059613895,suggestive linkage,14,1,1200000,3,+,3.698925157
Fourier_PC1:PC2_y2,Leaf_shape,QTL_chr_14_2,0.01304483,significant linkage,14,2400001,2900000,2,+,5.246024873
Fourier_PC1:PC2_y2,Leaf_shape,QTL_chr_14_3,0.024093741,significant linkage,14,3300001,4850000,4,+,4.938020751
Fourier_PC1:PC2_y2,Leaf_shape,QTL_chr_14_4,0.016408129,significant linkage,14,5250001,7700000,5,+,5.249826208
Fourier_PC1:PC2_y2,Leaf_shape,QTL_chr_14_5,0.000507161,confirmed linkage,14,8100001,15600000,20,+,8.255083644
Fourier_PC1:PC2_y2,Leaf_shape,QTL_chr_17_1,0.063073997,suggestive linkage,17,12800001,14800000,2,-,0.689631974
Fourier_PC1:PC2_y2,Leaf_shape,QTL_chr_17_2,0.094528629,suggestive linkage,17,15200001,15300000,1,-,0.78524369
Fourier_PC1:PC2_y1_y2,Leaf_shape,QTL_chr_01_1,0.049263188,significant linkage,1,40800001,44700000,6,+,2.598836491
Fourier_PC1:PC2_y1_y2,Leaf_shape,QTL_chr_01_2,0.006650737,confirmed linkage,1,46900001,50495391,8,+,4.611542192
Fourier_PC1:PC2_y1_y2,Leaf_shape,QTL_chr_14_1,0.019783511,significant linkage,14,1,1200000,3,+,3.853253531
Fourier_PC1:PC2_y1_y2,Leaf_shape,QTL_chr_14_2,0.00528686,confirmed linkage,14,2100001,7200000,13,+,5.269469419
Fourier_PC1:PC2_y1_y2,Leaf_shape,QTL_chr_14_3,0.057842344,suggestive linkage,14,7500001,7700000,1,+,3.46032202
Fourier_PC1:PC2_y1_y2,Leaf_shape,QTL_chr_14_4,0.003113776,confirmed linkage,14,8100001,13700000,11,+,6.157096262
Fourier_PC1:PC2_y1_y2,Leaf_shape,QTL_chr_14_5,0.000936067,confirmed linkage,14,14200001,15400000,6,+,4.649811853
Fourier_PC1:PC2_y1_y2,Leaf_shape,QTL_chr_14_6,0.076689348,suggestive linkage,14,15500001,15600000,1,+,2.85362514
Fourier_PC1:PC2_y1_y2,Leaf_shape,QTL_chr_14_7,0.091752648,suggestive linkage,14,17900001,18000000,1,+,1.671981447
Fourier_PC1:PC3_y1,Leaf_shape,QTL_chr_08_1,0.059953519,suggestive linkage,8,1600001,1800000,1,+,2.01901772
Fourier_PC1:PC3_y1,Leaf_shape,QTL_chr_08_2,0.027207689,significant linkage,8,2900001,7500000,7,+,1.275832053
Fourier_PC1:PC3_y1,Leaf_shape,QTL_chr_08_3,0.082621108,suggestive linkage,8,8400001,9600000,1,+,2.280779004
Fourier_PC1:PC3_y1,Leaf_shape,QTL_chr_10_1,0.024553649,significant linkage,10,7400001,8600000,2,+,16.91374586
Fourier_PC1:PC3_y1,Leaf_shape,QTL_chr_10_2,0.061798365,suggestive linkage,10,10800001,11000000,1,+,13.50452082
Fourier_PC1:PC3_y1,Leaf_shape,QTL_chr_17_1,0.021079973,significant linkage,17,1,6000000,5,+,4.261474624
Fourier_PC1:PC3_y2,Leaf_shape,QTL_chr_01_1,0.098317133,suggestive linkage,1,13000001,13200000,1,+,3.973281369
Fourier_PC1:PC3_y2,Leaf_shape,QTL_chr_01_2,0.038613438,significant linkage,1,14700001,14750000,1,+,4.748333698
Fourier_PC1:PC3_y2,Leaf_shape,QTL_chr_01_3,0.071360196,suggestive linkage,1,48100001,48200000,1,+,2.257234071
Fourier_PC1:PC3_y2,Leaf_shape,QTL_chr_01_4,0.050592906,suggestive linkage,1,48300001,49600000,2,+,2.786715235
Fourier_PC1:PC3_y2,Leaf_shape,QTL_chr_06_1,0.036244629,significant linkage,6,9400001,11100000,1,+,1.331476173
Fourier_PC1:PC3_y2,Leaf_shape,QTL_chr_06_2,0.051239635,suggestive linkage,6,11600001,11800000,1,+,1.317458603
Fourier_PC1:PC3_y2,Leaf_shape,QTL_chr_14_1,0.005518285,confirmed linkage,14,1,2900000,9,+,8.188875444
Fourier_PC1:PC3_y2,Leaf_shape,QTL_chr_14_2,0.055593356,suggestive linkage,14,3300001,3400000,1,+,6.515417503
Fourier_PC1:PC3_y2,Leaf_shape,QTL_chr_14_3,0.00111919,confirmed linkage,14,3800001,10250000,15,+,9.699582705
Fourier_PC1:PC3_y2,Leaf_shape,QTL_chr_14_4,0.050451692,suggestive linkage,14,10750001,11700000,1,+,8.089975356
Fourier_PC1:PC3_y2,Leaf_shape,QTL_chr_14_5,0.050451692,suggestive linkage,14,12300001,12600000,1,+,8.089975356
Fourier_PC1:PC3_y2,Leaf_shape,QTL_chr_14_6,0.013239681,significant linkage,14,14300001,15200000,3,+,6.424440376
Fourier_PC1:PC3_y2,Leaf_shape,QTL_chr_14_7,0.050630661,suggestive linkage,14,15500001,15600000,1,+,3.963148763
Fourier_PC1:PC3_y2,Leaf_shape,QTL_chr_17_1,0.001690721,confirmed linkage,17,1300001,6000000,5,+,5.695707116
Fourier_PC1:PC3_y2,Leaf_shape,QTL_chr_18_1,0.012533135,significant linkage,18,13400001,16958300,4,+,2.960453594
Fourier_PC1:PC3_y1_y2,Leaf_shape,QTL_chr_01_1,0.041790305,significant linkage,1,14700001,14750000,1,+,3.743057027
Fourier_PC1:PC3_y1_y2,Leaf_shape,QTL_chr_01_2,0.043727447,significant linkage,1,41200001,42400000,3,+,3.400565628
Fourier_PC1:PC3_y1_y2,Leaf_shape,QTL_chr_01_3,0.063730364,suggestive linkage,1,46700001,46800000,1,+,2.637700878
Fourier_PC1:PC3_y1_y2,Leaf_shape,QTL_chr_01_4,0.027867106,significant linkage,1,47000001,49600000,6,+,3.477061222
Fourier_PC1:PC3_y1_y2,Leaf_shape,QTL_chr_10_1,0.020175472,significant linkage,10,7700001,11900000,5,+,7.34157856
Fourier_PC1:PC3_y1_y2,Leaf_shape,QTL_chr_10_2,0.085939604,suggestive linkage,10,12200001,12300000,1,+,5.255174469
Fourier_PC1:PC3_y1_y2,Leaf_shape,QTL_chr_14_1,0.00486038,confirmed linkage,14,1,2900000,9,+,7.499271648
Fourier_PC1:PC3_y1_y2,Leaf_shape,QTL_chr_14_2,0.001518053,confirmed linkage,14,3300001,10250000,17,+,7.575348319
Fourier_PC1:PC3_y1_y2,Leaf_shape,QTL_chr_14_3,0.057886847,suggestive linkage,14,10750001,11700000,1,+,6.574589899
Fourier_PC1:PC3_y1_y2,Leaf_shape,QTL_chr_14_4,0.057886847,suggestive linkage,14,12300001,12600000,1,+,6.574589899
Fourier_PC1:PC3_y1_y2,Leaf_shape,QTL_chr_14_5,0.012572375,significant linkage,14,14300001,15200000,3,+,5.267551629
Fourier_PC1:PC3_y1_y2,Leaf_shape,QTL_chr_14_6,0.067340729,suggestive linkage,14,15500001,15600000,1,+,3.351695578
Fourier_PC1:PC3_y1_y2,Leaf_shape,QTL_chr_17_1,0.001942007,confirmed linkage,17,1300001,6000000,5,+,6.7176642
Fourier_PC1:PC3_y1_y2,Leaf_shape,QTL_chr_18_1,0.077727934,suggestive linkage,18,14700001,15500000,1,+,2.643044508
Fourier_PC1:PC3_y1_y2,Leaf_shape,QTL_chr_18_2,0.077727934,suggestive linkage,18,15800001,16958300,1,+,2.643044508
Fourier_PC2:PC3_y1,Leaf_shape,QTL_chr_05_1,0.016245504,significant linkage,5,1,1300000,2,+,5.262296574
Fourier_PC2:PC3_y2,Leaf_shape,QTL_chr_10_1,0.024601704,significant linkage,10,13600001,15750000,4,+,1.864722749
Fourier_PC2:PC3_y2,Leaf_shape,QTL_chr_10_2,0.037071298,significant linkage,10,17200001,17300000,1,+,3.622527404
Fourier_PC2:PC3_y1_y2,Leaf_shape,QTL_chr_05_1,0.011214839,significant linkage,5,1,1300000,2,+,4.147579719
Fourier_PC2:PC3_y1_y2,Leaf_shape,QTL_chr_10_1,0.08089287,suggestive linkage,10,14800001,15750000,2,+,1.748745454
Fourier_PC2:PC3_y1_y2,Leaf_shape,QTL_chr_10_2,0.042311096,significant linkage,10,17200001,17300000,1,+,3.143013925
Fourier_PC1:PC4_y1,Leaf_shape,QTL_chr_10_1,0.035678664,significant linkage,10,7700001,8600000,1,+,15.1759272
Fourier_PC1:PC4_y1,Leaf_shape,QTL_chr_10_2,0.04846371,significant linkage,10,10800001,11000000,1,+,13.56349599
Fourier_PC1:PC4_y2,Leaf_shape,QTL_chr_01_1,0.035950101,significant linkage,1,13000001,13200000,1,+,3.404322495
Fourier_PC1:PC4_y2,Leaf_shape,QTL_chr_01_2,0.017321251,significant linkage,1,14700001,14750000,1,+,4.327136854
Fourier_PC1:PC4_y2,Leaf_shape,QTL_chr_01_3,0.094600158,suggestive linkage,1,41200001,41800000,1,+,2.410044528
Fourier_PC1:PC4_y2,Leaf_shape,QTL_chr_01_4,0.071578385,suggestive linkage,1,48300001,48900000,1,+,2.102513547
Fourier_PC1:PC4_y2,Leaf_shape,QTL_chr_14_1,0.006934503,confirmed linkage,14,1,2200000,6,+,3.906475749
Fourier_PC1:PC4_y2,Leaf_shape,QTL_chr_14_2,0.044635113,significant linkage,14,2600001,2900000,1,+,4.060974039
Fourier_PC1:PC4_y2,Leaf_shape,QTL_chr_14_3,0.040772958,significant linkage,14,4200001,4850000,1,+,4.23912329
Fourier_PC1:PC4_y2,Leaf_shape,QTL_chr_14_4,0.009242546,confirmed linkage,14,5250001,13700000,17,+,5.695040616
Fourier_PC1:PC4_y2,Leaf_shape,QTL_chr_14_5,0.010192576,significant linkage,14,14300001,15200000,3,+,3.555491157
Fourier_PC1:PC4_y2,Leaf_shape,QTL_chr_17_1,0.024791211,significant linkage,17,3500001,4600000,1,+,2.751738261
Fourier_PC1:PC4_y1_y2,Leaf_shape,QTL_chr_01_1,0.041830704,significant linkage,1,13000001,13200000,1,+,2.866024027
Fourier_PC1:PC4_y1_y2,Leaf_shape,QTL_chr_01_2,0.022250529,significant linkage,1,14700001,14750000,1,+,3.528249381
Fourier_PC1:PC4_y1_y2,Leaf_shape,QTL_chr_10_1,0.062752742,suggestive linkage,10,10800001,11000000,1,+,5.632591478
Fourier_PC1:PC4_y1_y2,Leaf_shape,QTL_chr_14_1,0.010232975,significant linkage,14,1,1200000,3,+,4.447827112
Fourier_PC1:PC4_y1_y2,Leaf_shape,QTL_chr_14_2,0.064034914,suggestive linkage,14,1500001,2200000,2,+,3.053577575
Fourier_PC1:PC4_y1_y2,Leaf_shape,QTL_chr_14_3,0.048629411,significant linkage,14,2600001,2900000,1,+,3.694972612
Fourier_PC1:PC4_y1_y2,Leaf_shape,QTL_chr_14_4,0.044729532,significant linkage,14,4200001,4850000,1,+,3.85174893
Fourier_PC1:PC4_y1_y2,Leaf_shape,QTL_chr_14_5,0.018212188,significant linkage,14,5250001,9300000,10,+,3.685182692
Fourier_PC1:PC4_y1_y2,Leaf_shape,QTL_chr_14_6,0.035676683,significant linkage,14,10100001,10250000,1,+,4.255683241
Fourier_PC1:PC4_y1_y2,Leaf_shape,QTL_chr_14_7,0.035676683,significant linkage,14,10750001,11700000,1,+,4.255683241
Fourier_PC1:PC4_y1_y2,Leaf_shape,QTL_chr_14_8,0.035676683,significant linkage,14,12300001,12600000,1,+,4.255683241
Fourier_PC1:PC4_y1_y2,Leaf_shape,QTL_chr_14_9,0.027302726,significant linkage,14,14300001,15200000,3,+,3.040438248
Fourier_PC1:PC4_y1_y2,Leaf_shape,QTL_chr_17_1,0.01227242,significant linkage,17,1300001,6000000,5,+,3.23980069
Fourier_PC2:PC4_y1,Leaf_shape,QTL_chr_01_1,0.051857675,suggestive linkage,1,44100001,44700000,1,-,3.044287737
Fourier_PC2:PC4_y1,Leaf_shape,QTL_chr_05_1,0.027318363,significant linkage,5,1,1300000,2,+,3.171335929
Fourier_PC2:PC4_y1_y2,Leaf_shape,QTL_chr_05_1,0.040746919,significant linkage,5,1,400000,1,+,2.199815405
Fourier_PC3:PC4_y2,Leaf_shape,QTL_chr_10_1,0.05991856,suggestive linkage,10,7400001,8600000,2,-,1.743288806
Fourier_PC3:PC4_y2,Leaf_shape,QTL_chr_14_1,0.001659246,confirmed linkage,14,2100001,10100000,21,-,3.154598634
Fourier_PC3:PC4_y2,Leaf_shape,QTL_chr_17_1,0.008632243,confirmed linkage,17,1300001,5600000,4,-,3.449828751
Fourier_PC3:PC4_y1_y2,Leaf_shape,QTL_chr_09_1,0.099777443,suggestive linkage,9,10400001,12948742,1,-,1.491532536
Fourier_PC3:PC4_y1_y2,Leaf_shape,QTL_chr_10_1,0.054388002,suggestive linkage,10,7400001,8600000,2,-,2.266430378
Fourier_PC3:PC4_y1_y2,Leaf_shape,QTL_chr_14_1,0.002935155,confirmed linkage,14,2100001,10100000,21,-,1.763511968
Fourier_PC3:PC4_y1_y2,Leaf_shape,QTL_chr_14_2,0.064371646,suggestive linkage,14,14600001,15000000,1,-,1.461247661
Fourier_PC3:PC4_y1_y2,Leaf_shape,QTL_chr_17_1,0.017355719,significant linkage,17,1500001,5600000,3,-,3.556931523
Indent_number_y1,Serration,QTL_chr_02_1,0.036459588,significant linkage,2,2400001,2900000,2,+,3.375146186
Indent_number_y1,Serration,QTL_chr_02_2,0.094817258,suggestive linkage,2,3600001,4000000,1,+,3.095826071
Indent_number_y1,Serration,QTL_chr_02_3,0.055551976,suggestive linkage,2,6400001,7100000,1,+,2.427031159
Indent_number_y1,Serration,QTL_chr_08_1,0.015383565,significant linkage,8,5200001,14400000,12,+,1.90918676
Indent_number_y1,Serration,QTL_chr_09_1,0.072860407,suggestive linkage,9,8200001,9900000,2,+,4.536797308
Indent_number_y1,Serration,QTL_chr_10_1,0.071327991,suggestive linkage,10,7400001,8600000,2,+,4.028309876
Indent_number_y1,Serration,QTL_chr_13_1,0.010726506,significant linkage,13,1,2800000,6,+,1.939727006
Indent_number_y1,Serration,QTL_chr_17_1,0.09687076,suggestive linkage,17,1300001,3500000,1,+,3.235619194
Indent_number_y1,Serration,QTL_chr_17_2,0.09687076,suggestive linkage,17,4600001,5600000,1,+,3.235619194
Indent_number_y2,Serration,QTL_chr_01_1,0.0749938,suggestive linkage,1,14000001,14700000,3,+,2.400084901
Indent_number_y2,Serration,QTL_chr_01_2,0.00854971,confirmed linkage,1,47000001,50495391,7,+,3.313285567
Indent_number_y2,Serration,QTL_chr_02_1,0.020252074,significant linkage,2,2400001,2900000,2,+,2.602666687
Indent_number_y2,Serration,QTL_chr_02_2,0.002478907,confirmed linkage,2,3200001,6800000,6,+,2.856789864
Indent_number_y2,Serration,QTL_chr_02_3,0.061875317,suggestive linkage,2,7600001,8100000,1,+,1.94478049
Indent_number_y2,Serration,QTL_chr_02_4,0.087789142,suggestive linkage,2,8700001,8900000,1,+,1.781724115
Indent_number_y2,Serration,QTL_chr_05_1,0.0110213,significant linkage,5,22000001,25890704,7,+,2.439448808
Indent_number_y2,Serration,QTL_chr_09_1,0.007188078,confirmed linkage,9,8200001,9900000,4,-,3.036136302
Indent_number_y2,Serration,QTL_chr_09_2,0.023960043,significant linkage,9,10100001,12948742,2,+,1.914340944
Indent_number_y2,Serration,QTL_chr_14_1,0.001648409,confirmed linkage,14,1,10250000,27,+,1.867366735
Indent_number_y2,Serration,QTL_chr_14_2,0.060479625,suggestive linkage,14,10750001,11700000,1,+,2.463146646
Indent_number_y2,Serration,QTL_chr_14_3,0.060479625,suggestive linkage,14,12300001,14200000,2,+,2.315086004
Indent_number_y2,Serration,QTL_chr_14_4,0.006629933,confirmed linkage,14,14300001,15200000,3,+,2.896950628
Indent_number_y2,Serration,QTL_chr_14_5,0.096193554,suggestive linkage,14,15300001,15400000,1,+,1.841856947
Indent_number_y2,Serration,QTL_chr_19_1,0.018945762,significant linkage,19,1,4400000,9,+,1.992661427
Indent_number_y1_y2,Serration,QTL_chr_01_1,0.0054095,confirmed linkage,1,47000001,50495391,7,+,3.844266188
Indent_number_y1_y2,Serration,QTL_chr_02_1,0.048294595,significant linkage,2,2400001,2500000,1,+,1.993949366
Indent_number_y1_y2,Serration,QTL_chr_02_2,0.0107802,significant linkage,2,3600001,6700000,4,+,2.124754866
Indent_number_y1_y2,Serration,QTL_chr_05_1,0.006280507,confirmed linkage,5,22000001,25890704,7,+,2.706802817
Indent_number_y1_y2,Serration,QTL_chr_09_1,0.003321095,confirmed linkage,9,8200001,12948742,7,+,4.158863705
Indent_number_y1_y2,Serration,QTL_chr_10_1,0.094481504,suggestive linkage,10,7700001,8600000,1,+,1.516384164
Indent_number_y1_y2,Serration,QTL_chr_13_1,0.076808306,suggestive linkage,13,300001,1500000,1,+,1.649123861
Indent_number_y1_y2,Serration,QTL_chr_14_1,0.000929132,confirmed linkage,14,1,10250000,27,+,2.221157629
Indent_number_y1_y2,Serration,QTL_chr_14_2,0.029849205,significant linkage,14,10750001,11700000,1,+,2.929400411
Indent_number_y1_y2,Serration,QTL_chr_14_3,0.029849205,significant linkage,14,12300001,14200000,2,+,2.762612461
Indent_number_y1_y2,Serration,QTL_chr_14_4,0.003118494,confirmed linkage,14,14300001,15400000,5,+,3.272973963
Indent_number_y1_y2,Serration,QTL_chr_19_1,0.012735115,significant linkage,19,1,4500000,10,+,2.598404555
Indent_width_y1,Serration,QTL_chr_02_1,0.047522455,significant linkage,2,6400001,7100000,1,-,2.415618047
Indent_width_y1,Serration,QTL_chr_02_2,0.047212351,significant linkage,2,8100001,8700000,3,-,1.898471199
Indent_width_y2,Serration,QTL_chr_04_1,0.041878369,significant linkage,4,7400001,9200000,1,+,1.382403505
Indent_width_y2,Serration,QTL_chr_06_1,0.099932837,suggestive linkage,6,20100001,20700000,1,-,1.184474633
Indent_width_y2,Serration,QTL_chr_19_1,0.006816537,confirmed linkage,19,1,4500000,10,+,4.245243727
Indent_width_y2,Serration,QTL_chr_19_2,0.08912421,suggestive linkage,19,5000001,5200000,1,+,1.464769894
Indent_width_y1_y2,Serration,QTL_chr_04_1,0.091346237,suggestive linkage,4,6600001,7200000,1,+,1.14386222
Indent_width_y1_y2,Serration,QTL_chr_04_2,0.042216859,significant linkage,4,7400001,9200000,1,+,1.36378978
Indent_width_y1_y2,Serration,QTL_chr_06_1,0.07267477,suggestive linkage,6,20100001,20700000,1,-,1.429187031
Indent_width_y1_y2,Serration,QTL_chr_19_1,0.00544187,confirmed linkage,19,1,4500000,10,+,4.565746408
Indent_depth_y2,Serration,QTL_chr_02_1,0.014945314,significant linkage,2,3600001,6400000,3,+,1.699938388
Indent_depth_y2,Serration,QTL_chr_14_1,0.017911672,significant linkage,14,1,7200000,18,+,1.504827198
Indent_depth_y2,Serration,QTL_chr_14_2,0.015124179,significant linkage,14,7700001,9300000,5,+,2.002256069
Indent_depth_y2,Serration,QTL_chr_19_1,0.023649794,significant linkage,19,1,4500000,10,+,2.647309054
Indent_depth_y1_y2,Serration,QTL_chr_02_1,0.025616653,significant linkage,2,3600001,6400000,3,+,1.867742777
Indent_depth_y1_y2,Serration,QTL_chr_05_1,0.056805643,suggestive linkage,5,22000001,24000000,3,+,1.82648208
Indent_depth_y1_y2,Serration,QTL_chr_05_2,0.062428256,suggestive linkage,5,24500001,24900000,1,+,1.912776122
Indent_depth_y1_y2,Serration,QTL_chr_05_3,0.075724561,suggestive linkage,5,25600001,25890704,1,+,1.797815123
Indent_depth_y1_y2,Serration,QTL_chr_14_1,0.009264224,confirmed linkage,14,1,10100000,26,+,1.103043971
Indent_depth_y1_y2,Serration,QTL_chr_14_2,0.058367392,suggestive linkage,14,14600001,15000000,1,+,1.94921251
Indent_depth_y1_y2,Serration,QTL_chr_19_1,0.010462748,significant linkage,19,1,4500000,10,+,2.098985455
Abaxial_stomata_density,Stomata,QTL_chr_02_1,0.023709484,significant linkage,2,10400001,12700000,2,+,2.854808847
Abaxial_stomata_density,Stomata,QTL_chr_04_1,0.019044419,significant linkage,4,2100001,3600000,2,-,6.866457901
Abaxial_stomata_density,Stomata,QTL_chr_05_1,0.055141312,suggestive linkage,5,3700001,6400000,4,-,2.135553774
Abaxial_stomata_density,Stomata,QTL_chr_06_1,0.05537229,suggestive linkage,6,26000001,26600000,1,+,1.451712034
Abaxial_stomata_density,Stomata,QTL_chr_10_1,0.043892722,significant linkage,10,11000001,11900000,1,+,2.313258496
Abaxial_stomata_density,Stomata,QTL_chr_12_1,0.098926577,suggestive linkage,12,1200001,2100000,1,+,2.697690532
Abaxial_stomata_density,Stomata,QTL_chr_14_1,0.001462253,confirmed linkage,14,1,10100000,19,+,3.270968814
Abaxial_stomata_density,Stomata,QTL_chr_14_2,0.048435528,significant linkage,14,12600001,13700000,1,+,1.782111859
Abaxial_stomata_density,Stomata,QTL_chr_14_3,0.021499733,significant linkage,14,14300001,15400000,3,+,1.783500617
Abaxial_stomata_density,Stomata,QTL_chr_17_1,0.076504411,suggestive linkage,17,12200001,12300000,1,-,4.92347144
Abaxial_stomata_density,Stomata,QTL_chr_17_2,0.055374621,suggestive linkage,17,14800001,15200000,1,-,4.443916283
Abaxial_stomata_density,Stomata,QTL_chr_18_1,0.0366412,significant linkage,18,1,2200000,2,+,1.928391724
Abaxial_stomata_density,Stomata,QTL_chr_18_2,0.00820057,confirmed linkage,18,12600001,16958300,2,+,3.616069728
Adaxial_stomata_density,Stomata,QTL_chr_02_1,0.09956815,suggestive linkage,2,8600001,8900000,1,+,1.821027202
Adaxial_stomata_density,Stomata,QTL_chr_02_2,0.048886626,significant linkage,2,10400001,12700000,2,+,2.759535195
Adaxial_stomata_density,Stomata,QTL_chr_17_1,0.067067445,suggestive linkage,17,12200001,12400000,2,-,3.961052764
Adaxial_stomata_density,Stomata,QTL_chr_17_2,0.084994596,suggestive linkage,17,14800001,15200000,1,-,3.379119076
Adaxial_stomata_density,Stomata,QTL_chr_18_1,0.047912694,significant linkage,18,1,700000,1,+,1.788635681
Abaxial_stomata_distance,Stomata,QTL_chr_02_1,0.017365773,significant linkage,2,7100001,13800000,8,-,7.620793588
Abaxial_stomata_distance,Stomata,QTL_chr_04_1,0.056354131,suggestive linkage,4,2100001,3600000,2,+,6.445192092
Abaxial_stomata_distance,Stomata,QTL_chr_08_1,0.059700993,suggestive linkage,8,11700001,14400000,3,-,3.529798871
Abaxial_stomata_distance,Stomata,QTL_chr_14_1,0.004786831,confirmed linkage,14,1,2900000,6,-,3.938767829
Abaxial_stomata_distance,Stomata,QTL_chr_14_2,0.006560709,confirmed linkage,14,3300001,7500000,7,-,4.088332246
Abaxial_stomata_distance,Stomata,QTL_chr_14_3,0.03442649,significant linkage,14,8100001,10100000,3,-,2.029084576
Abaxial_stomata_distance,Stomata,QTL_chr_14_4,0.032479441,significant linkage,14,12600001,13700000,1,-,2.021017549
Abaxial_stomata_distance,Stomata,QTL_chr_14_5,0.029937073,significant linkage,14,14300001,15400000,3,-,1.959255421
Abaxial_stomata_distance,Stomata,QTL_chr_18_1,0.033247558,significant linkage,18,1,2200000,2,-,3.320079694
Abaxial_stomata_distance,Stomata,QTL_chr_18_2,0.00564263,confirmed linkage,18,12400001,16958300,3,-,8.330641296
Adaxial_stomata_distance,Stomata,QTL_chr_02_1,0.035685291,significant linkage,2,1700001,2400000,2,-,2.035465313
Adaxial_stomata_distance,Stomata,QTL_chr_02_2,0.03707231,significant linkage,2,8600001,8900000,1,-,2.116826007
Adaxial_stomata_distance,Stomata,QTL_chr_02_3,0.033604232,significant linkage,2,9300001,13800000,4,-,2.286511144
Adaxial_stomata_distance,Stomata,QTL_chr_17_1,0.030647981,significant linkage,17,12200001,12400000,2,+,4.508880966
Adaxial_stomata_distance,Stomata,QTL_chr_17_2,0.0870897,suggestive linkage,17,12800001,14800000,1,+,3.310000021
Adaxial_stomata_distance,Stomata,QTL_chr_17_3,0.0870897,suggestive linkage,17,15200001,15600000,1,+,3.310000021
Adaxial_stomata_distance,Stomata,QTL_chr_18_1,0.01467526,significant linkage,18,1,2200000,2,-,1.975889107
Abaxial_stomata_cluster,Stomata,QTL_chr_02_1,0.002814194,confirmed linkage,2,1,6400000,9,-,7.253733685
Abaxial_stomata_cluster,Stomata,QTL_chr_04_1,0.064010937,suggestive linkage,4,6500001,6600000,1,-,4.55575396
Abaxial_stomata_cluster,Stomata,QTL_chr_11_1,0.033049989,significant linkage,11,12900001,15000000,2,-,2.077734027
Adaxial_stomata_cluster,Stomata,QTL_chr_02_1,0.022048903,significant linkage,2,1,1700000,3,-,2.988764756
Adaxial_stomata_cluster,Stomata,QTL_chr_02_2,0.028608156,significant linkage,2,3600001,4000000,1,-,2.386253562
Adaxial_stomata_cluster,Stomata,QTL_chr_02_3,0.03615588,significant linkage,2,21200001,21700000,1,-,2.521986258