Pheno,Marker,NigDos_P_adj,Linkage_Class
Blup_Transfo_Horiz_size_25perc_Horiz_size_75perc_field_y1_y2,Chr16_7456889_7457544,0.09088612354817827,suggestive
Blup_Transfo_Horiz_size_25perc_Horiz_size_75perc_field_year2,Chr16_7456889_7457544,0.03900438575753361,significant
Blup_Transfo_PC1_PC3_y1_y2,Chr17_9135977_10478406,0.015064282248455501,significant
Blup_Transfo_PC1_PC3_y1_y2,Chr17_13349543_13731534,0.002373600740856659,confirmed
Blup_Transfo_PC1_PC3_y1_y2,Chr17_13731535_13865657,0.004361572573300172,confirmed
Blup_Transfo_PC1_PC3_y1_y2,Chr17_13865658_14959995,0.019064194538998106,significant
Blup_Transfo_PC1_PC3_year2,Chr17_13349543_13731534,0.026170079924330264,significant
Blup_Transfo_PC1_PC3_year2,Chr17_13731535_13865657,0.026170079924330264,significant
Blup_Transfo_PC1_y1_y2,Chr17_9135977_10478406,0.02358046906223285,significant
Blup_Transfo_PC1_y1_y2,Chr17_13349543_13731534,0.007889189796133754,confirmed
Blup_Transfo_PC1_y1_y2,Chr17_13731535_13865657,0.014005528400536758,significant
Blup_Transfo_PC1_y1_y2,Chr17_13865658_14959995,0.03189865277737146,significant
Blup_Transfo_PC1_year2,Chr11_8023681_11175078,0.07584912519452637,suggestive
Blup_Transfo_PC1_year2,Chr11_11175079_11219138,0.09764840700726342,suggestive
Blup_Transfo_PC1_year2,Chr17_10878413_11065072,0.09764840700726342,suggestive
Blup_Transfo_PC1_year2,Chr17_13349543_13731534,0.07584912519452637,suggestive
Blup_Transfo_PC1_year2,Chr17_13731535_13865657,0.07584912519452637,suggestive
Blup_Transfo_Vert_size_center_Horiz_size_center_ratio_field_y1_y2,Chr01_29264773_29827856,0.07229934469532602,suggestive
Blup_Transfo_Vert_size_center_Horiz_size_center_ratio_field_y1_y2,Chr01_29827857_29864780,0.08241177416670475,suggestive
Blup_Transfo_Vert_size_center_Horiz_size_center_ratio_field_y1_y2,Chr03_18156487_19255904,0.09867709325637991,suggestive
Blup_Transfo_Vert_size_center_Horiz_size_center_ratio_field_y1_y2,Chr05_1_2455,0.07026773829962225,suggestive
Blup_Transfo_Vert_size_center_Horiz_size_center_ratio_field_y1_y2,Chr05_2456_233879,0.07026773829962225,suggestive
Blup_Transfo_Vert_size_center_Horiz_size_center_ratio_field_y1_y2,Chr05_233880_233961,0.07026773829962225,suggestive
Blup_Transfo_Vert_size_center_Horiz_size_center_ratio_field_y1_y2,Chr05_233962_298267,0.07026773829962225,suggestive
Blup_Transfo_Vert_size_center_Horiz_size_center_ratio_field_y1_y2,Chr05_298268_299973,0.07026773829962225,suggestive
Blup_Transfo_Vert_size_center_Horiz_size_center_ratio_field_y1_y2,Chr05_299974_977551,0.07026773829962225,suggestive
Blup_Transfo_Vert_size_center_Horiz_size_center_ratio_field_y1_y2,Chr05_977552_977727,0.07026773829962225,suggestive
Blup_Transfo_Vert_size_center_Horiz_size_center_ratio_field_y1_y2,Chr05_977728_1700771,0.07026773829962225,suggestive
Blup_Transfo_Vert_size_center_Horiz_size_center_ratio_field_y1_y2,Chr05_1700772_1701064,0.07026773829962225,suggestive
Blup_Transfo_Vert_size_center_Horiz_size_center_ratio_field_y1_y2,Chr05_1701065_2022055,0.07026773829962225,suggestive
Blup_Transfo_Vert_size_center_Horiz_size_center_ratio_field_y1_y2,Chr05_3339590_3341550,0.07026773829962225,suggestive
Blup_Transfo_Vert_size_center_Horiz_size_center_ratio_field_y1_y2,Chr05_3341551_3707259,0.07026773829962225,suggestive
Blup_Transfo_Vert_size_center_Horiz_size_center_ratio_field_y1_y2,Chr11_8023681_11175078,0.08241177416670475,suggestive
Blup_Transfo_Vert_size_center_Horiz_size_center_ratio_field_y1_y2,Chr11_11175079_11219138,0.08160733204418691,suggestive
Blup_Transfo_Vert_size_center_Horiz_size_center_ratio_field_y1_y2,Chr17_9135977_10478406,0.08241177416670475,suggestive
Blup_Transfo_Vert_size_center_Horiz_size_center_ratio_field_y1_y2,Chr17_10878413_11065072,0.041510205837192095,significant
Blup_Transfo_Vert_size_center_Horiz_size_center_ratio_field_y1_y2,Chr17_13349543_13731534,0.041510205837192095,significant
Blup_Transfo_Vert_size_center_Horiz_size_center_ratio_field_y1_y2,Chr17_13731535_13865657,0.041510205837192095,significant
Blup_Transfo_Vert_size_center_Horiz_size_center_ratio_field_y1_y2,Chr17_13865658_14959995,0.08740545050502738,suggestive
Blup_Transfo_Vert_size_center_Horiz_size_center_ratio_field_y1_y2,Chr17_15481596_16075256,0.09867709325637991,suggestive
Blup_Transfo_Vert_size_center_Horiz_size_center_ratio_field_y1_y2,Chr17_16075257_16080358,0.09867709325637991,suggestive
Blup_Transfo_Vert_size_center_Horiz_size_center_ratio_field_year2,Chr01_29264773_29827856,0.059806857402316824,suggestive
Blup_Transfo_Vert_size_center_Horiz_size_center_ratio_field_year2,Chr01_29827857_29864780,0.059806857402316824,suggestive
Blup_Transfo_Vert_size_center_Horiz_size_center_ratio_field_year2,Chr05_1_2455,0.059806857402316824,suggestive
Blup_Transfo_Vert_size_center_Horiz_size_center_ratio_field_year2,Chr05_2456_233879,0.059806857402316824,suggestive
Blup_Transfo_Vert_size_center_Horiz_size_center_ratio_field_year2,Chr05_233880_233961,0.059806857402316824,suggestive
Blup_Transfo_Vert_size_center_Horiz_size_center_ratio_field_year2,Chr05_233962_298267,0.059806857402316824,suggestive
Blup_Transfo_Vert_size_center_Horiz_size_center_ratio_field_year2,Chr05_298268_299973,0.059806857402316824,suggestive
Blup_Transfo_Vert_size_center_Horiz_size_center_ratio_field_year2,Chr05_299974_977551,0.059806857402316824,suggestive
Blup_Transfo_Vert_size_center_Horiz_size_center_ratio_field_year2,Chr05_977552_977727,0.059806857402316824,suggestive
Blup_Transfo_Vert_size_center_Horiz_size_center_ratio_field_year2,Chr05_977728_1700771,0.059806857402316824,suggestive
Blup_Transfo_Vert_size_center_Horiz_size_center_ratio_field_year2,Chr05_1700772_1701064,0.059806857402316824,suggestive
Blup_Transfo_Vert_size_center_Horiz_size_center_ratio_field_year2,Chr05_1701065_2022055,0.059806857402316824,suggestive
Blup_Transfo_Vert_size_center_Horiz_size_center_ratio_field_year2,Chr05_3339590_3341550,0.059806857402316824,suggestive
Blup_Transfo_Vert_size_center_Horiz_size_center_ratio_field_year2,Chr05_3341551_3707259,0.059806857402316824,suggestive
Blup_Transfo_Vert_size_center_Horiz_size_center_ratio_field_year2,Chr11_8023681_11175078,0.09416000952740403,suggestive
Blup_Transfo_Vert_size_center_Horiz_size_center_ratio_field_year2,Chr11_11175079_11219138,0.09416000952740403,suggestive
Blup_Transfo_Vert_size_center_Horiz_size_center_ratio_field_year2,Chr17_9135977_10478406,0.09416000952740403,suggestive
Blup_Transfo_Vert_size_center_Horiz_size_center_ratio_field_year2,Chr17_10878413_11065072,0.042066303501422195,significant
Blup_Transfo_Vert_size_center_Horiz_size_center_ratio_field_year2,Chr17_13349543_13731534,0.042066303501422195,significant
Blup_Transfo_Vert_size_center_Horiz_size_center_ratio_field_year2,Chr17_13731535_13865657,0.042066303501422195,significant
Blup_Transfo_Vert_size_center_Horiz_size_center_ratio_field_year2,Chr17_13865658_14959995,0.09416000952740403,suggestive
Blup_Transfo_Vert_size_center_Horiz_size_center_ratio_field_year2,Chr17_15481424_15481595,0.09882632839460881,suggestive
Blup_Transfo_Vert_size_center_Horiz_size_center_ratio_field_year2,Chr17_15481596_16075256,0.09416000952740403,suggestive
Blup_Transfo_Vert_size_center_Horiz_size_center_ratio_field_year2,Chr17_16075257_16080358,0.09416000952740403,suggestive
Blup_Transfo_Vert_size25perc_Vert_size_75perc_ratio_field_y1_y2,Chr04_1_60379,0.021085582933281475,significant
Blup_Transfo_Vert_size25perc_Vert_size_75perc_ratio_field_y1_y2,Chr04_60380_871979,0.021085582933281475,significant
Blup_Transfo_Vert_size25perc_Vert_size_75perc_ratio_field_y1_y2,Chr04_871980_872101,0.02443209438744028,significant
Blup_Transfo_Vert_size25perc_Vert_size_75perc_ratio_field_y1_y2,Chr04_872102_1430273,0.09388495369220354,suggestive
Blup_Transfo_Vert_size25perc_Vert_size_75perc_ratio_field_y1_y2,Chr04_7681462_7681481,0.09388495369220354,suggestive
